[     354ms] Uncaught Error: ga
    at oh (https://translate.googleapis.com/_/translate_http/_/js/k=translate_http.tr.id.dYg8Kd2Ys0c.O/am=BECAAQ/d=1/ed=1/rs=AN8SPfrfpV1fVD671RMt7gltiU7OddeqCg/m=el_main:175:212)
    at nh (https://translate.googleapis.com/_/translate_http/_/js/k=translate_http.tr.id.dYg8Kd2Ys0c.O/am=BECAAQ/d=1/ed=1/rs=AN8SPfrfpV1fVD671RMt7gltiU7OddeqCg/m=el_main:174:215)
    at _.I (https://translate.googleapis.com/_/translate_http/_/js/k=translate_http.tr.id.dYg8Kd2Ys0c.O/am=BECAAQ/d=1/ed=1/rs=AN8SPfrfpV1fVD671RMt7gltiU7OddeqCg/m=el_main:173:27)
    at lq (https://translate.googleapis.com/_/translate_http/_/js/k=translate_http.tr.id.dYg8Kd2Ys0c.O/am=BECAAQ/d=1/ed=1/rs=AN8SPfrfpV1fVD671RMt7gltiU7OddeqCg/m=el_main:332:552)
    at <anonymous> (https://translate.googleapis.com/_/translate_http/_/js/k=translate_http.tr.id.dYg8Kd2Ys0c.O/am=BECAAQ/d=1/ed=1/rs=AN8SPfrfpV1fVD671RMt7gltiU7OddeqCg/m=el_main:561:184)
    at <anonymous> (https://translate.googleapis.com/_/translate_http/_/js/k=translate_http.tr.id.dYg8Kd2Ys0c.O/am=BECAAQ/d=1/ed=1/rs=AN8SPfrfpV1fVD671RMt7gltiU7OddeqCg/m=el_main:566:3)
[   10354ms] Uncaught RangeError: Maximum call stack size exceeded
    at _.Ri (https://translate.googleapis.com/_/translate_http/_/js/k=translate_http.tr.id.dYg8Kd2Ys0c.O/am=BECAAQ/d=1/ed=1/rs=AN8SPfrfpV1fVD671RMt7gltiU7OddeqCg/m=el_main:193:418)
    at _.L (https://translate.googleapis.com/_/translate_http/_/js/k=translate_http.tr.id.dYg8Kd2Ys0c.O/am=BECAAQ/d=1/ed=1/rs=AN8SPfrfpV1fVD671RMt7gltiU7OddeqCg/m=el_main:0:0)
    at Fk (https://translate.googleapis.com/_/translate_http/_/js/k=translate_http.tr.id.dYg8Kd2Ys0c.O/am=BECAAQ/d=1/ed=1/rs=AN8SPfrfpV1fVD671RMt7gltiU7OddeqCg/m=el_main:0:0)
    at Hk (https://translate.googleapis.com/_/translate_http/_/js/k=translate_http.tr.id.dYg8Kd2Ys0c.O/am=BECAAQ/d=1/ed=1/rs=AN8SPfrfpV1fVD671RMt7gltiU7OddeqCg/m=el_main:0:0)
    at Fk (https://translate.googleapis.com/_/translate_http/_/js/k=translate_http.tr.id.dYg8Kd2Ys0c.O/am=BECAAQ/d=1/ed=1/rs=AN8SPfrfpV1fVD671RMt7gltiU7OddeqCg/m=el_main:0:0)
    at Hk (https://translate.googleapis.com/_/translate_http/_/js/k=translate_http.tr.id.dYg8Kd2Ys0c.O/am=BECAAQ/d=1/ed=1/rs=AN8SPfrfpV1fVD671RMt7gltiU7OddeqCg/m=el_main:0:0)
    at Fk (https://translate.googleapis.com/_/translate_http/_/js/k=translate_http.tr.id.dYg8Kd2Ys0c.O/am=BECAAQ/d=1/ed=1/rs=AN8SPfrfpV1fVD671RMt7gltiU7OddeqCg/m=el_main:0:0)
    at Hk (https://translate.googleapis.com/_/translate_http/_/js/k=translate_http.tr.id.dYg8Kd2Ys0c.O/am=BECAAQ/d=1/ed=1/rs=AN8SPfrfpV1fVD671RMt7gltiU7OddeqCg/m=el_main:0:0)
    at Fk (https://translate.googleapis.com/_/translate_http/_/js/k=translate_http.tr.id.dYg8Kd2Ys0c.O/am=BECAAQ/d=1/ed=1/rs=AN8SPfrfpV1fVD671RMt7gltiU7OddeqCg/m=el_main:0:0)
    at Hk (https://translate.googleapis.com/_/translate_http/_/js/k=translate_http.tr.id.dYg8Kd2Ys0c.O/am=BECAAQ/d=1/ed=1/rs=AN8SPfrfpV1fVD671RMt7gltiU7OddeqCg/m=el_main:0:0)
    at Fk (https://translate.googleapis.com/_/translate_http/_/js/k=translate_http.tr.id.dYg8Kd2Ys0c.O/am=BECAAQ/d=1/ed=1/rs=AN8SPfrfpV1fVD671RMt7gltiU7OddeqCg/m=el_main:0:0)
    at Hk (https://translate.googleapis.com/_/translate_http/_/js/k=translate_http.tr.id.dYg8Kd2Ys0c.O/am=BECAAQ/d=1/ed=1/rs=AN8SPfrfpV1fVD671RMt7gltiU7OddeqCg/m=el_main:0:0)
    at Fk (https://translate.googleapis.com/_/translate_http/_/js/k=translate_http.tr.id.dYg8Kd2Ys0c.O/am=BECAAQ/d=1/ed=1/rs=AN8SPfrfpV1fVD671RMt7gltiU7OddeqCg/m=el_main:0:0)
    at Hk (https://translate.googleapis.com/_/translate_http/_/js/k=translate_http.tr.id.dYg8Kd2Ys0c.O/am=BECAAQ/d=1/ed=1/rs=AN8SPfrfpV1fVD671RMt7gltiU7OddeqCg/m=el_main:0:0)
    at Fk (https://translate.googleapis.com/_/translate_http/_/js/k=translate_http.tr.id.dYg8Kd2Ys0c.O/am=BECAAQ/d=1/ed=1/rs=AN8SPfrfpV1fVD671RMt7gltiU7OddeqCg/m=el_main:0:0)
    at Hk (https://translate.googleapis.com/_/translate_http/_/js/k=translate_http.tr.id.dYg8Kd2Ys0c.O/am=BECAAQ/d=1/ed=1/rs=AN8SPfrfpV1fVD671RMt7gltiU7OddeqCg/m=el_main:0:0)
    at Fk (https://translate.googleapis.com/_/translate_http/_/js/k=translate_http.tr.id.dYg8Kd2Ys0c.O/am=BECAAQ/d=1/ed=1/rs=AN8SPfrfpV1fVD671RMt7gltiU7OddeqCg/m=el_main:0:0)
    at Hk (https://translate.googleapis.com/_/translate_http/_/js/k=translate_http.tr.id.dYg8Kd2Ys0c.O/am=BECAAQ/d=1/ed=1/rs=AN8SPfrfpV1fVD671RMt7gltiU7OddeqCg/m=el_main:0:0)
    at Fk (https://translate.googleapis.com/_/translate_http/_/js/k=translate_http.tr.id.dYg8Kd2Ys0c.O/am=BECAAQ/d=1/ed=1/rs=AN8SPfrfpV1fVD671RMt7gltiU7OddeqCg/m=el_main:0:0)
    at Hk (https://translate.googleapis.com/_/translate_http/_/js/k=translate_http.tr.id.dYg8Kd2Ys0c.O/am=BECAAQ/d=1/ed=1/rs=AN8SPfrfpV1fVD671RMt7gltiU7OddeqCg/m=el_main:0:0)
    at Fk (https://translate.googleapis.com/_/translate_http/_/js/k=translate_http.tr.id.dYg8Kd2Ys0c.O/am=BECAAQ/d=1/ed=1/rs=AN8SPfrfpV1fVD671RMt7gltiU7OddeqCg/m=el_main:0:0)
    at Hk (https://translate.googleapis.com/_/translate_http/_/js/k=translate_http.tr.id.dYg8Kd2Ys0c.O/am=BECAAQ/d=1/ed=1/rs=AN8SPfrfpV1fVD671RMt7gltiU7OddeqCg/m=el_main:0:0)
    at Fk (https://translate.googleapis.com/_/translate_http/_/js/k=translate_http.tr.id.dYg8Kd2Ys0c.O/am=BECAAQ/d=1/ed=1/rs=AN8SPfrfpV1fVD671RMt7gltiU7OddeqCg/m=el_main:0:0)
    at Hk (https://translate.googleapis.com/_/translate_http/_/js/k=translate_http.tr.id.dYg8Kd2Ys0c.O/am=BECAAQ/d=1/ed=1/rs=AN8SPfrfpV1fVD671RMt7gltiU7OddeqCg/m=el_main:0:0)
    at Fk (https://translate.googleapis.com/_/translate_http/_/js/k=translate_http.tr.id.dYg8Kd2Ys0c.O/am=BECAAQ/d=1/ed=1/rs=AN8SPfrfpV1fVD671RMt7gltiU7OddeqCg/m=el_main:0:0)
    at Hk (https://translate.googleapis.com/_/translate_http/_/js/k=translate_http.tr.id.dYg8Kd2Ys0c.O/am=BECAAQ/d=1/ed=1/rs=AN8SPfrfpV1fVD671RMt7gltiU7OddeqCg/m=el_main:0:0)
    at Fk (https://translate.googleapis.com/_/translate_http/_/js/k=translate_http.tr.id.dYg8Kd2Ys0c.O/am=BECAAQ/d=1/ed=1/rs=AN8SPfrfpV1fVD671RMt7gltiU7OddeqCg/m=el_main:0:0)
    at Hk (https://translate.googleapis.com/_/translate_http/_/js/k=translate_http.tr.id.dYg8Kd2Ys0c.O/am=BECAAQ/d=1/ed=1/rs=AN8SPfrfpV1fVD671RMt7gltiU7OddeqCg/m=el_main:0:0)
    at Fk (https://translate.googleapis.com/_/translate_http/_/js/k=translate_http.tr.id.dYg8Kd2Ys0c.O/am=BECAAQ/d=1/ed=1/rs=AN8SPfrfpV1fVD671RMt7gltiU7OddeqCg/m=el_main:0:0)
    at Hk (https://translate.googleapis.com/_/translate_http/_/js/k=translate_http.tr.id.dYg8Kd2Ys0c.O/am=BECAAQ/d=1/ed=1/rs=AN8SPfrfpV1fVD671RMt7gltiU7OddeqCg/m=el_main:0:0)
    at Fk (https://translate.googleapis.com/_/translate_http/_/js/k=translate_http.tr.id.dYg8Kd2Ys0c.O/am=BECAAQ/d=1/ed=1/rs=AN8SPfrfpV1fVD671RMt7gltiU7OddeqCg/m=el_main:0:0)
    at Hk (https://translate.googleapis.com/_/translate_http/_/js/k=translate_http.tr.id.dYg8Kd2Ys0c.O/am=BECAAQ/d=1/ed=1/rs=AN8SPfrfpV1fVD671RMt7gltiU7OddeqCg/m=el_main:0:0)
    at Fk (https://translate.googleapis.com/_/translate_http/_/js/k=translate_http.tr.id.dYg8Kd2Ys0c.O/am=BECAAQ/d=1/ed=1/rs=AN8SPfrfpV1fVD671RMt7gltiU7OddeqCg/m=el_main:0:0)
    at Hk (https://translate.googleapis.com/_/translate_http/_/js/k=translate_http.tr.id.dYg8Kd2Ys0c.O/am=BECAAQ/d=1/ed=1/rs=AN8SPfrfpV1fVD671RMt7gltiU7OddeqCg/m=el_main:0:0)
    at Fk (https://translate.googleapis.com/_/translate_http/_/js/k=translate_http.tr.id.dYg8Kd2Ys0c.O/am=BECAAQ/d=1/ed=1/rs=AN8SPfrfpV1fVD671RMt7gltiU7OddeqCg/m=el_main:0:0)
    at Hk (https://translate.googleapis.com/_/translate_http/_/js/k=translate_http.tr.id.dYg8Kd2Ys0c.O/am=BECAAQ/d=1/ed=1/rs=AN8SPfrfpV1fVD671RMt7gltiU7OddeqCg/m=el_main:0:0)
    at Fk (https://translate.googleapis.com/_/translate_http/_/js/k=translate_http.tr.id.dYg8Kd2Ys0c.O/am=BECAAQ/d=1/ed=1/rs=AN8SPfrfpV1fVD671RMt7gltiU7OddeqCg/m=el_main:0:0)
    at Hk (https://translate.googleapis.com/_/translate_http/_/js/k=translate_http.tr.id.dYg8Kd2Ys0c.O/am=BECAAQ/d=1/ed=1/rs=AN8SPfrfpV1fVD671RMt7gltiU7OddeqCg/m=el_main:0:0)
    at Fk (https://translate.googleapis.com/_/translate_http/_/js/k=translate_http.tr.id.dYg8Kd2Ys0c.O/am=BECAAQ/d=1/ed=1/rs=AN8SPfrfpV1fVD671RMt7gltiU7OddeqCg/m=el_main:0:0)
    at Hk (https://translate.googleapis.com/_/translate_http/_/js/k=translate_http.tr.id.dYg8Kd2Ys0c.O/am=BECAAQ/d=1/ed=1/rs=AN8SPfrfpV1fVD671RMt7gltiU7OddeqCg/m=el_main:0:0)
    at Fk (https://translate.googleapis.com/_/translate_http/_/js/k=translate_http.tr.id.dYg8Kd2Ys0c.O/am=BECAAQ/d=1/ed=1/rs=AN8SPfrfpV1fVD671RMt7gltiU7OddeqCg/m=el_main:0:0)
    at Hk (https://translate.googleapis.com/_/translate_http/_/js/k=translate_http.tr.id.dYg8Kd2Ys0c.O/am=BECAAQ/d=1/ed=1/rs=AN8SPfrfpV1fVD671RMt7gltiU7OddeqCg/m=el_main:0:0)
    at Fk (https://translate.googleapis.com/_/translate_http/_/js/k=translate_http.tr.id.dYg8Kd2Ys0c.O/am=BECAAQ/d=1/ed=1/rs=AN8SPfrfpV1fVD671RMt7gltiU7OddeqCg/m=el_main:0:0)
    at Hk (https://translate.googleapis.com/_/translate_http/_/js/k=translate_http.tr.id.dYg8Kd2Ys0c.O/am=BECAAQ/d=1/ed=1/rs=AN8SPfrfpV1fVD671RMt7gltiU7OddeqCg/m=el_main:0:0)
    at Fk (https://translate.googleapis.com/_/translate_http/_/js/k=translate_http.tr.id.dYg8Kd2Ys0c.O/am=BECAAQ/d=1/ed=1/rs=AN8SPfrfpV1fVD671RMt7gltiU7OddeqCg/m=el_main:0:0)
    at Hk (https://translate.googleapis.com/_/translate_http/_/js/k=translate_http.tr.id.dYg8Kd2Ys0c.O/am=BECAAQ/d=1/ed=1/rs=AN8SPfrfpV1fVD671RMt7gltiU7OddeqCg/m=el_main:0:0)
    at Fk (https://translate.googleapis.com/_/translate_http/_/js/k=translate_http.tr.id.dYg8Kd2Ys0c.O/am=BECAAQ/d=1/ed=1/rs=AN8SPfrfpV1fVD671RMt7gltiU7OddeqCg/m=el_main:0:0)
    at Hk (https://translate.googleapis.com/_/translate_http/_/js/k=translate_http.tr.id.dYg8Kd2Ys0c.O/am=BECAAQ/d=1/ed=1/rs=AN8SPfrfpV1fVD671RMt7gltiU7OddeqCg/m=el_main:0:0)
    at Fk (https://translate.googleapis.com/_/translate_http/_/js/k=translate_http.tr.id.dYg8Kd2Ys0c.O/am=BECAAQ/d=1/ed=1/rs=AN8SPfrfpV1fVD671RMt7gltiU7OddeqCg/m=el_main:0:0)
    at Hk (https://translate.googleapis.com/_/translate_http/_/js/k=translate_http.tr.id.dYg8Kd2Ys0c.O/am=BECAAQ/d=1/ed=1/rs=AN8SPfrfpV1fVD671RMt7gltiU7OddeqCg/m=el_main:0:0)
    at Fk (https://translate.googleapis.com/_/translate_http/_/js/k=translate_http.tr.id.dYg8Kd2Ys0c.O/am=BECAAQ/d=1/ed=1/rs=AN8SPfrfpV1fVD671RMt7gltiU7OddeqCg/m=el_main:0:0)
    at Hk (https://translate.googleapis.com/_/translate_http/_/js/k=translate_http.tr.id.dYg8Kd2Ys0c.O/am=BECAAQ/d=1/ed=1/rs=AN8SPfrfpV1fVD671RMt7gltiU7OddeqCg/m=el_main:0:0)
    at Fk (https://translate.googleapis.com/_/translate_http/_/js/k=translate_http.tr.id.dYg8Kd2Ys0c.O/am=BECAAQ/d=1/ed=1/rs=AN8SPfrfpV1fVD671RMt7gltiU7OddeqCg/m=el_main:0:0)
    at Hk (https://translate.googleapis.com/_/translate_http/_/js/k=translate_http.tr.id.dYg8Kd2Ys0c.O/am=BECAAQ/d=1/ed=1/rs=AN8SPfrfpV1fVD671RMt7gltiU7OddeqCg/m=el_main:0:0)
    at Fk (https://translate.googleapis.com/_/translate_http/_/js/k=translate_http.tr.id.dYg8Kd2Ys0c.O/am=BECAAQ/d=1/ed=1/rs=AN8SPfrfpV1fVD671RMt7gltiU7OddeqCg/m=el_main:0:0)
    at Hk (https://translate.googleapis.com/_/translate_http/_/js/k=translate_http.tr.id.dYg8Kd2Ys0c.O/am=BECAAQ/d=1/ed=1/rs=AN8SPfrfpV1fVD671RMt7gltiU7OddeqCg/m=el_main:0:0)
    at Fk (https://translate.googleapis.com/_/translate_http/_/js/k=translate_http.tr.id.dYg8Kd2Ys0c.O/am=BECAAQ/d=1/ed=1/rs=AN8SPfrfpV1fVD671RMt7gltiU7OddeqCg/m=el_main:0:0)
    at Hk (https://translate.googleapis.com/_/translate_http/_/js/k=translate_http.tr.id.dYg8Kd2Ys0c.O/am=BECAAQ/d=1/ed=1/rs=AN8SPfrfpV1fVD671RMt7gltiU7OddeqCg/m=el_main:0:0)
    at Fk (https://translate.googleapis.com/_/translate_http/_/js/k=translate_http.tr.id.dYg8Kd2Ys0c.O/am=BECAAQ/d=1/ed=1/rs=AN8SPfrfpV1fVD671RMt7gltiU7OddeqCg/m=el_main:0:0)
    at Hk (https://translate.googleapis.com/_/translate_http/_/js/k=translate_http.tr.id.dYg8Kd2Ys0c.O/am=BECAAQ/d=1/ed=1/rs=AN8SPfrfpV1fVD671RMt7gltiU7OddeqCg/m=el_main:0:0)
    at Fk (https://translate.googleapis.com/_/translate_http/_/js/k=translate_http.tr.id.dYg8Kd2Ys0c.O/am=BECAAQ/d=1/ed=1/rs=AN8SPfrfpV1fVD671RMt7gltiU7OddeqCg/m=el_main:0:0)
    at Hk (https://translate.googleapis.com/_/translate_http/_/js/k=translate_http.tr.id.dYg8Kd2Ys0c.O/am=BECAAQ/d=1/ed=1/rs=AN8SPfrfpV1fVD671RMt7gltiU7OddeqCg/m=el_main:0:0)
    at Fk (https://translate.googleapis.com/_/translate_http/_/js/k=translate_http.tr.id.dYg8Kd2Ys0c.O/am=BECAAQ/d=1/ed=1/rs=AN8SPfrfpV1fVD671RMt7gltiU7OddeqCg/m=el_main:0:0)
    at Hk (https://translate.googleapis.com/_/translate_http/_/js/k=translate_http.tr.id.dYg8Kd2Ys0c.O/am=BECAAQ/d=1/ed=1/rs=AN8SPfrfpV1fVD671RMt7gltiU7OddeqCg/m=el_main:0:0)
    at Fk (https://translate.googleapis.com/_/translate_http/_/js/k=translate_http.tr.id.dYg8Kd2Ys0c.O/am=BECAAQ/d=1/ed=1/rs=AN8SPfrfpV1fVD671RMt7gltiU7OddeqCg/m=el_main:0:0)
    at Hk (https://translate.googleapis.com/_/translate_http/_/js/k=translate_http.tr.id.dYg8Kd2Ys0c.O/am=BECAAQ/d=1/ed=1/rs=AN8SPfrfpV1fVD671RMt7gltiU7OddeqCg/m=el_main:0:0)
    at Fk (https://translate.googleapis.com/_/translate_http/_/js/k=translate_http.tr.id.dYg8Kd2Ys0c.O/am=BECAAQ/d=1/ed=1/rs=AN8SPfrfpV1fVD671RMt7gltiU7OddeqCg/m=el_main:0:0)
    at Hk (https://translate.googleapis.com/_/translate_http/_/js/k=translate_http.tr.id.dYg8Kd2Ys0c.O/am=BECAAQ/d=1/ed=1/rs=AN8SPfrfpV1fVD671RMt7gltiU7OddeqCg/m=el_main:0:0)
    at Fk (https://translate.googleapis.com/_/translate_http/_/js/k=translate_http.tr.id.dYg8Kd2Ys0c.O/am=BECAAQ/d=1/ed=1/rs=AN8SPfrfpV1fVD671RMt7gltiU7OddeqCg/m=el_main:0:0)
    at Hk (https://translate.googleapis.com/_/translate_http/_/js/k=translate_http.tr.id.dYg8Kd2Ys0c.O/am=BECAAQ/d=1/ed=1/rs=AN8SPfrfpV1fVD671RMt7gltiU7OddeqCg/m=el_main:0:0)
    at Fk (https://translate.googleapis.com/_/translate_http/_/js/k=translate_http.tr.id.dYg8Kd2Ys0c.O/am=BECAAQ/d=1/ed=1/rs=AN8SPfrfpV1fVD671RMt7gltiU7OddeqCg/m=el_main:0:0)
    at Hk (https://translate.googleapis.com/_/translate_http/_/js/k=translate_http.tr.id.dYg8Kd2Ys0c.O/am=BECAAQ/d=1/ed=1/rs=AN8SPfrfpV1fVD671RMt7gltiU7OddeqCg/m=el_main:0:0)
    at Fk (https://translate.googleapis.com/_/translate_http/_/js/k=translate_http.tr.id.dYg8Kd2Ys0c.O/am=BECAAQ/d=1/ed=1/rs=AN8SPfrfpV1fVD671RMt7gltiU7OddeqCg/m=el_main:0:0)
    at Hk (https://translate.googleapis.com/_/translate_http/_/js/k=translate_http.tr.id.dYg8Kd2Ys0c.O/am=BECAAQ/d=1/ed=1/rs=AN8SPfrfpV1fVD671RMt7gltiU7OddeqCg/m=el_main:0:0)
    at Fk (https://translate.googleapis.com/_/translate_http/_/js/k=translate_http.tr.id.dYg8Kd2Ys0c.O/am=BECAAQ/d=1/ed=1/rs=AN8SPfrfpV1fVD671RMt7gltiU7OddeqCg/m=el_main:0:0)
    at Hk (https://translate.googleapis.com/_/translate_http/_/js/k=translate_http.tr.id.dYg8Kd2Ys0c.O/am=BECAAQ/d=1/ed=1/rs=AN8SPfrfpV1fVD671RMt7gltiU7OddeqCg/m=el_main:0:0)
    at Fk (https://translate.googleapis.com/_/translate_http/_/js/k=translate_http.tr.id.dYg8Kd2Ys0c.O/am=BECAAQ/d=1/ed=1/rs=AN8SPfrfpV1fVD671RMt7gltiU7OddeqCg/m=el_main:0:0)
    at Hk (https://translate.googleapis.com/_/translate_http/_/js/k=translate_http.tr.id.dYg8Kd2Ys0c.O/am=BECAAQ/d=1/ed=1/rs=AN8SPfrfpV1fVD671RMt7gltiU7OddeqCg/m=el_main:0:0)
    at Fk (https://translate.googleapis.com/_/translate_http/_/js/k=translate_http.tr.id.dYg8Kd2Ys0c.O/am=BECAAQ/d=1/ed=1/rs=AN8SPfrfpV1fVD671RMt7gltiU7OddeqCg/m=el_main:0:0)
    at Hk (https://translate.googleapis.com/_/translate_http/_/js/k=translate_http.tr.id.dYg8Kd2Ys0c.O/am=BECAAQ/d=1/ed=1/rs=AN8SPfrfpV1fVD671RMt7gltiU7OddeqCg/m=el_main:0:0)
    at Fk (https://translate.googleapis.com/_/translate_http/_/js/k=translate_http.tr.id.dYg8Kd2Ys0c.O/am=BECAAQ/d=1/ed=1/rs=AN8SPfrfpV1fVD671RMt7gltiU7OddeqCg/m=el_main:0:0)
    at Hk (https://translate.googleapis.com/_/translate_http/_/js/k=translate_http.tr.id.dYg8Kd2Ys0c.O/am=BECAAQ/d=1/ed=1/rs=AN8SPfrfpV1fVD671RMt7gltiU7OddeqCg/m=el_main:0:0)
    at Fk (https://translate.googleapis.com/_/translate_http/_/js/k=translate_http.tr.id.dYg8Kd2Ys0c.O/am=BECAAQ/d=1/ed=1/rs=AN8SPfrfpV1fVD671RMt7gltiU7OddeqCg/m=el_main:0:0)
    at Hk (https://translate.googleapis.com/_/translate_http/_/js/k=translate_http.tr.id.dYg8Kd2Ys0c.O/am=BECAAQ/d=1/ed=1/rs=AN8SPfrfpV1fVD671RMt7gltiU7OddeqCg/m=el_main:0:0)
    at Fk (https://translate.googleapis.com/_/translate_http/_/js/k=translate_http.tr.id.dYg8Kd2Ys0c.O/am=BECAAQ/d=1/ed=1/rs=AN8SPfrfpV1fVD671RMt7gltiU7OddeqCg/m=el_main:0:0)
    at Hk (https://translate.googleapis.com/_/translate_http/_/js/k=translate_http.tr.id.dYg8Kd2Ys0c.O/am=BECAAQ/d=1/ed=1/rs=AN8SPfrfpV1fVD671RMt7gltiU7OddeqCg/m=el_main:0:0)
    at Fk (https://translate.googleapis.com/_/translate_http/_/js/k=translate_http.tr.id.dYg8Kd2Ys0c.O/am=BECAAQ/d=1/ed=1/rs=AN8SPfrfpV1fVD671RMt7gltiU7OddeqCg/m=el_main:0:0)
    at Hk (https://translate.googleapis.com/_/translate_http/_/js/k=translate_http.tr.id.dYg8Kd2Ys0c.O/am=BECAAQ/d=1/ed=1/rs=AN8SPfrfpV1fVD671RMt7gltiU7OddeqCg/m=el_main:0:0)
    at Fk (https://translate.googleapis.com/_/translate_http/_/js/k=translate_http.tr.id.dYg8Kd2Ys0c.O/am=BECAAQ/d=1/ed=1/rs=AN8SPfrfpV1fVD671RMt7gltiU7OddeqCg/m=el_main:0:0)
    at Hk (https://translate.googleapis.com/_/translate_http/_/js/k=translate_http.tr.id.dYg8Kd2Ys0c.O/am=BECAAQ/d=1/ed=1/rs=AN8SPfrfpV1fVD671RMt7gltiU7OddeqCg/m=el_main:0:0)
    at Fk (https://translate.googleapis.com/_/translate_http/_/js/k=translate_http.tr.id.dYg8Kd2Ys0c.O/am=BECAAQ/d=1/ed=1/rs=AN8SPfrfpV1fVD671RMt7gltiU7OddeqCg/m=el_main:0:0)
    at Hk (https://translate.googleapis.com/_/translate_http/_/js/k=translate_http.tr.id.dYg8Kd2Ys0c.O/am=BECAAQ/d=1/ed=1/rs=AN8SPfrfpV1fVD671RMt7gltiU7OddeqCg/m=el_main:0:0)
    at Fk (https://translate.googleapis.com/_/translate_http/_/js/k=translate_http.tr.id.dYg8Kd2Ys0c.O/am=BECAAQ/d=1/ed=1/rs=AN8SPfrfpV1fVD671RMt7gltiU7OddeqCg/m=el_main:0:0)
    at Hk (https://translate.googleapis.com/_/translate_http/_/js/k=translate_http.tr.id.dYg8Kd2Ys0c.O/am=BECAAQ/d=1/ed=1/rs=AN8SPfrfpV1fVD671RMt7gltiU7OddeqCg/m=el_main:0:0)
    at Fk (https://translate.googleapis.com/_/translate_http/_/js/k=translate_http.tr.id.dYg8Kd2Ys0c.O/am=BECAAQ/d=1/ed=1/rs=AN8SPfrfpV1fVD671RMt7gltiU7OddeqCg/m=el_main:0:0)
    at Hk (https://translate.googleapis.com/_/translate_http/_/js/k=translate_http.tr.id.dYg8Kd2Ys0c.O/am=BECAAQ/d=1/ed=1/rs=AN8SPfrfpV1fVD671RMt7gltiU7OddeqCg/m=el_main:0:0)
    at Fk (https://translate.googleapis.com/_/translate_http/_/js/k=translate_http.tr.id.dYg8Kd2Ys0c.O/am=BECAAQ/d=1/ed=1/rs=AN8SPfrfpV1fVD671RMt7gltiU7OddeqCg/m=el_main:0:0)
    at Hk (https://translate.googleapis.com/_/translate_http/_/js/k=translate_http.tr.id.dYg8Kd2Ys0c.O/am=BECAAQ/d=1/ed=1/rs=AN8SPfrfpV1fVD671RMt7gltiU7OddeqCg/m=el_main:0:0)
    at Fk (https://translate.googleapis.com/_/translate_http/_/js/k=translate_http.tr.id.dYg8Kd2Ys0c.O/am=BECAAQ/d=1/ed=1/rs=AN8SPfrfpV1fVD671RMt7gltiU7OddeqCg/m=el_main:0:0)
    at Hk (https://translate.googleapis.com/_/translate_http/_/js/k=translate_http.tr.id.dYg8Kd2Ys0c.O/am=BECAAQ/d=1/ed=1/rs=AN8SPfrfpV1fVD671RMt7gltiU7OddeqCg/m=el_main:0:0)
    at Fk (https://translate.googleapis.com/_/translate_http/_/js/k=translate_http.tr.id.dYg8Kd2Ys0c.O/am=BECAAQ/d=1/ed=1/rs=AN8SPfrfpV1fVD671RMt7gltiU7OddeqCg/m=el_main:0:0)
    at Hk (https://translate.googleapis.com/_/translate_http/_/js/k=translate_http.tr.id.dYg8Kd2Ys0c.O/am=BECAAQ/d=1/ed=1/rs=AN8SPfrfpV1fVD671RMt7gltiU7OddeqCg/m=el_main:0:0)
    at Fk (https://translate.googleapis.com/_/translate_http/_/js/k=translate_http.tr.id.dYg8Kd2Ys0c.O/am=BECAAQ/d=1/ed=1/rs=AN8SPfrfpV1fVD671RMt7gltiU7OddeqCg/m=el_main:0:0)
    at Hk (https://translate.googleapis.com/_/translate_http/_/js/k=translate_http.tr.id.dYg8Kd2Ys0c.O/am=BECAAQ/d=1/ed=1/rs=AN8SPfrfpV1fVD671RMt7gltiU7OddeqCg/m=el_main:0:0)
    at Fk (https://translate.googleapis.com/_/translate_http/_/js/k=translate_http.tr.id.dYg8Kd2Ys0c.O/am=BECAAQ/d=1/ed=1/rs=AN8SPfrfpV1fVD671RMt7gltiU7OddeqCg/m=el_main:0:0)
    at Hk (https://translate.googleapis.com/_/translate_http/_/js/k=translate_http.tr.id.dYg8Kd2Ys0c.O/am=BECAAQ/d=1/ed=1/rs=AN8SPfrfpV1fVD671RMt7gltiU7OddeqCg/m=el_main:0:0)
    at Fk (https://translate.googleapis.com/_/translate_http/_/js/k=translate_http.tr.id.dYg8Kd2Ys0c.O/am=BECAAQ/d=1/ed=1/rs=AN8SPfrfpV1fVD671RMt7gltiU7OddeqCg/m=el_main:0:0)
    at Hk (https://translate.googleapis.com/_/translate_http/_/js/k=translate_http.tr.id.dYg8Kd2Ys0c.O/am=BECAAQ/d=1/ed=1/rs=AN8SPfrfpV1fVD671RMt7gltiU7OddeqCg/m=el_main:0:0)
    at Fk (https://translate.googleapis.com/_/translate_http/_/js/k=translate_http.tr.id.dYg8Kd2Ys0c.O/am=BECAAQ/d=1/ed=1/rs=AN8SPfrfpV1fVD671RMt7gltiU7OddeqCg/m=el_main:0:0)
    at Hk (https://translate.googleapis.com/_/translate_http/_/js/k=translate_http.tr.id.dYg8Kd2Ys0c.O/am=BECAAQ/d=1/ed=1/rs=AN8SPfrfpV1fVD671RMt7gltiU7OddeqCg/m=el_main:0:0)
    at Fk (https://translate.googleapis.com/_/translate_http/_/js/k=translate_http.tr.id.dYg8Kd2Ys0c.O/am=BECAAQ/d=1/ed=1/rs=AN8SPfrfpV1fVD671RMt7gltiU7OddeqCg/m=el_main:0:0)
    at Hk (https://translate.googleapis.com/_/translate_http/_/js/k=translate_http.tr.id.dYg8Kd2Ys0c.O/am=BECAAQ/d=1/ed=1/rs=AN8SPfrfpV1fVD671RMt7gltiU7OddeqCg/m=el_main:0:0)
    at Fk (https://translate.googleapis.com/_/translate_http/_/js/k=translate_http.tr.id.dYg8Kd2Ys0c.O/am=BECAAQ/d=1/ed=1/rs=AN8SPfrfpV1fVD671RMt7gltiU7OddeqCg/m=el_main:0:0)
    at Hk (https://translate.googleapis.com/_/translate_http/_/js/k=translate_http.tr.id.dYg8Kd2Ys0c.O/am=BECAAQ/d=1/ed=1/rs=AN8SPfrfpV1fVD671RMt7gltiU7OddeqCg/m=el_main:0:0)
    at Fk (https://translate.googleapis.com/_/translate_http/_/js/k=translate_http.tr.id.dYg8Kd2Ys0c.O/am=BECAAQ/d=1/ed=1/rs=AN8SPfrfpV1fVD671RMt7gltiU7OddeqCg/m=el_main:0:0)
    at Hk (https://translate.googleapis.com/_/translate_http/_/js/k=translate_http.tr.id.dYg8Kd2Ys0c.O/am=BECAAQ/d=1/ed=1/rs=AN8SPfrfpV1fVD671RMt7gltiU7OddeqCg/m=el_main:0:0)
    at Fk (https://translate.googleapis.com/_/translate_http/_/js/k=translate_http.tr.id.dYg8Kd2Ys0c.O/am=BECAAQ/d=1/ed=1/rs=AN8SPfrfpV1fVD671RMt7gltiU7OddeqCg/m=el_main:0:0)
    at Hk (https://translate.googleapis.com/_/translate_http/_/js/k=translate_http.tr.id.dYg8Kd2Ys0c.O/am=BECAAQ/d=1/ed=1/rs=AN8SPfrfpV1fVD671RMt7gltiU7OddeqCg/m=el_main:0:0)
    at Fk (https://translate.googleapis.com/_/translate_http/_/js/k=translate_http.tr.id.dYg8Kd2Ys0c.O/am=BECAAQ/d=1/ed=1/rs=AN8SPfrfpV1fVD671RMt7gltiU7OddeqCg/m=el_main:0:0)
    at Hk (https://translate.googleapis.com/_/translate_http/_/js/k=translate_http.tr.id.dYg8Kd2Ys0c.O/am=BECAAQ/d=1/ed=1/rs=AN8SPfrfpV1fVD671RMt7gltiU7OddeqCg/m=el_main:0:0)
    at Fk (https://translate.googleapis.com/_/translate_http/_/js/k=translate_http.tr.id.dYg8Kd2Ys0c.O/am=BECAAQ/d=1/ed=1/rs=AN8SPfrfpV1fVD671RMt7gltiU7OddeqCg/m=el_main:0:0)
    at Hk (https://translate.googleapis.com/_/translate_http/_/js/k=translate_http.tr.id.dYg8Kd2Ys0c.O/am=BECAAQ/d=1/ed=1/rs=AN8SPfrfpV1fVD671RMt7gltiU7OddeqCg/m=el_main:0:0)
    at Fk (https://translate.googleapis.com/_/translate_http/_/js/k=translate_http.tr.id.dYg8Kd2Ys0c.O/am=BECAAQ/d=1/ed=1/rs=AN8SPfrfpV1fVD671RMt7gltiU7OddeqCg/m=el_main:0:0)
    at Hk (https://translate.googleapis.com/_/translate_http/_/js/k=translate_http.tr.id.dYg8Kd2Ys0c.O/am=BECAAQ/d=1/ed=1/rs=AN8SPfrfpV1fVD671RMt7gltiU7OddeqCg/m=el_main:0:0)
    at Fk (https://translate.googleapis.com/_/translate_http/_/js/k=translate_http.tr.id.dYg8Kd2Ys0c.O/am=BECAAQ/d=1/ed=1/rs=AN8SPfrfpV1fVD671RMt7gltiU7OddeqCg/m=el_main:0:0)
    at Hk (https://translate.googleapis.com/_/translate_http/_/js/k=translate_http.tr.id.dYg8Kd2Ys0c.O/am=BECAAQ/d=1/ed=1/rs=AN8SPfrfpV1fVD671RMt7gltiU7OddeqCg/m=el_main:0:0)
    at Fk (https://translate.googleapis.com/_/translate_http/_/js/k=translate_http.tr.id.dYg8Kd2Ys0c.O/am=BECAAQ/d=1/ed=1/rs=AN8SPfrfpV1fVD671RMt7gltiU7OddeqCg/m=el_main:0:0)
    at Hk (https://translate.googleapis.com/_/translate_http/_/js/k=translate_http.tr.id.dYg8Kd2Ys0c.O/am=BECAAQ/d=1/ed=1/rs=AN8SPfrfpV1fVD671RMt7gltiU7OddeqCg/m=el_main:0:0)
    at Fk (https://translate.googleapis.com/_/translate_http/_/js/k=translate_http.tr.id.dYg8Kd2Ys0c.O/am=BECAAQ/d=1/ed=1/rs=AN8SPfrfpV1fVD671RMt7gltiU7OddeqCg/m=el_main:0:0)
    at Hk (https://translate.googleapis.com/_/translate_http/_/js/k=translate_http.tr.id.dYg8Kd2Ys0c.O/am=BECAAQ/d=1/ed=1/rs=AN8SPfrfpV1fVD671RMt7gltiU7OddeqCg/m=el_main:0:0)
    at Fk (https://translate.googleapis.com/_/translate_http/_/js/k=translate_http.tr.id.dYg8Kd2Ys0c.O/am=BECAAQ/d=1/ed=1/rs=AN8SPfrfpV1fVD671RMt7gltiU7OddeqCg/m=el_main:0:0)
    at Hk (https://translate.googleapis.com/_/translate_http/_/js/k=translate_http.tr.id.dYg8Kd2Ys0c.O/am=BECAAQ/d=1/ed=1/rs=AN8SPfrfpV1fVD671RMt7gltiU7OddeqCg/m=el_main:0:0)
    at Fk (https://translate.googleapis.com/_/translate_http/_/js/k=translate_http.tr.id.dYg8Kd2Ys0c.O/am=BECAAQ/d=1/ed=1/rs=AN8SPfrfpV1fVD671RMt7gltiU7OddeqCg/m=el_main:0:0)
    at Hk (https://translate.googleapis.com/_/translate_http/_/js/k=translate_http.tr.id.dYg8Kd2Ys0c.O/am=BECAAQ/d=1/ed=1/rs=AN8SPfrfpV1fVD671RMt7gltiU7OddeqCg/m=el_main:0:0)
    at Fk (https://translate.googleapis.com/_/translate_http/_/js/k=translate_http.tr.id.dYg8Kd2Ys0c.O/am=BECAAQ/d=1/ed=1/rs=AN8SPfrfpV1fVD671RMt7gltiU7OddeqCg/m=el_main:0:0)
    at Hk (https://translate.googleapis.com/_/translate_http/_/js/k=translate_http.tr.id.dYg8Kd2Ys0c.O/am=BECAAQ/d=1/ed=1/rs=AN8SPfrfpV1fVD671RMt7gltiU7OddeqCg/m=el_main:0:0)
    at Fk (https://translate.googleapis.com/_/translate_http/_/js/k=translate_http.tr.id.dYg8Kd2Ys0c.O/am=BECAAQ/d=1/ed=1/rs=AN8SPfrfpV1fVD671RMt7gltiU7OddeqCg/m=el_main:0:0)
    at Hk (https://translate.googleapis.com/_/translate_http/_/js/k=translate_http.tr.id.dYg8Kd2Ys0c.O/am=BECAAQ/d=1/ed=1/rs=AN8SPfrfpV1fVD671RMt7gltiU7OddeqCg/m=el_main:0:0)
    at Fk (https://translate.googleapis.com/_/translate_http/_/js/k=translate_http.tr.id.dYg8Kd2Ys0c.O/am=BECAAQ/d=1/ed=1/rs=AN8SPfrfpV1fVD671RMt7gltiU7OddeqCg/m=el_main:0:0)
    at Hk (https://translate.googleapis.com/_/translate_http/_/js/k=translate_http.tr.id.dYg8Kd2Ys0c.O/am=BECAAQ/d=1/ed=1/rs=AN8SPfrfpV1fVD671RMt7gltiU7OddeqCg/m=el_main:0:0)
    at Fk (https://translate.googleapis.com/_/translate_http/_/js/k=translate_http.tr.id.dYg8Kd2Ys0c.O/am=BECAAQ/d=1/ed=1/rs=AN8SPfrfpV1fVD671RMt7gltiU7OddeqCg/m=el_main:0:0)
    at Hk (https://translate.googleapis.com/_/translate_http/_/js/k=translate_http.tr.id.dYg8Kd2Ys0c.O/am=BECAAQ/d=1/ed=1/rs=AN8SPfrfpV1fVD671RMt7gltiU7OddeqCg/m=el_main:0:0)
    at Fk (https://translate.googleapis.com/_/translate_http/_/js/k=translate_http.tr.id.dYg8Kd2Ys0c.O/am=BECAAQ/d=1/ed=1/rs=AN8SPfrfpV1fVD671RMt7gltiU7OddeqCg/m=el_main:0:0)
    at Hk (https://translate.googleapis.com/_/translate_http/_/js/k=translate_http.tr.id.dYg8Kd2Ys0c.O/am=BECAAQ/d=1/ed=1/rs=AN8SPfrfpV1fVD671RMt7gltiU7OddeqCg/m=el_main:0:0)
    at Fk (https://translate.googleapis.com/_/translate_http/_/js/k=translate_http.tr.id.dYg8Kd2Ys0c.O/am=BECAAQ/d=1/ed=1/rs=AN8SPfrfpV1fVD671RMt7gltiU7OddeqCg/m=el_main:0:0)
    at Hk (https://translate.googleapis.com/_/translate_http/_/js/k=translate_http.tr.id.dYg8Kd2Ys0c.O/am=BECAAQ/d=1/ed=1/rs=AN8SPfrfpV1fVD671RMt7gltiU7OddeqCg/m=el_main:0:0)
    at Fk (https://translate.googleapis.com/_/translate_http/_/js/k=translate_http.tr.id.dYg8Kd2Ys0c.O/am=BECAAQ/d=1/ed=1/rs=AN8SPfrfpV1fVD671RMt7gltiU7OddeqCg/m=el_main:0:0)
    at Hk (https://translate.googleapis.com/_/translate_http/_/js/k=translate_http.tr.id.dYg8Kd2Ys0c.O/am=BECAAQ/d=1/ed=1/rs=AN8SPfrfpV1fVD671RMt7gltiU7OddeqCg/m=el_main:0:0)
    at Fk (https://translate.googleapis.com/_/translate_http/_/js/k=translate_http.tr.id.dYg8Kd2Ys0c.O/am=BECAAQ/d=1/ed=1/rs=AN8SPfrfpV1fVD671RMt7gltiU7OddeqCg/m=el_main:0:0)
    at Hk (https://translate.googleapis.com/_/translate_http/_/js/k=translate_http.tr.id.dYg8Kd2Ys0c.O/am=BECAAQ/d=1/ed=1/rs=AN8SPfrfpV1fVD671RMt7gltiU7OddeqCg/m=el_main:0:0)
    at Fk (https://translate.googleapis.com/_/translate_http/_/js/k=translate_http.tr.id.dYg8Kd2Ys0c.O/am=BECAAQ/d=1/ed=1/rs=AN8SPfrfpV1fVD671RMt7gltiU7OddeqCg/m=el_main:0:0)
    at Hk (https://translate.googleapis.com/_/translate_http/_/js/k=translate_http.tr.id.dYg8Kd2Ys0c.O/am=BECAAQ/d=1/ed=1/rs=AN8SPfrfpV1fVD671RMt7gltiU7OddeqCg/m=el_main:0:0)
    at Fk (https://translate.googleapis.com/_/translate_http/_/js/k=translate_http.tr.id.dYg8Kd2Ys0c.O/am=BECAAQ/d=1/ed=1/rs=AN8SPfrfpV1fVD671RMt7gltiU7OddeqCg/m=el_main:0:0)
    at Hk (https://translate.googleapis.com/_/translate_http/_/js/k=translate_http.tr.id.dYg8Kd2Ys0c.O/am=BECAAQ/d=1/ed=1/rs=AN8SPfrfpV1fVD671RMt7gltiU7OddeqCg/m=el_main:0:0)
    at Fk (https://translate.googleapis.com/_/translate_http/_/js/k=translate_http.tr.id.dYg8Kd2Ys0c.O/am=BECAAQ/d=1/ed=1/rs=AN8SPfrfpV1fVD671RMt7gltiU7OddeqCg/m=el_main:0:0)
    at Hk (https://translate.googleapis.com/_/translate_http/_/js/k=translate_http.tr.id.dYg8Kd2Ys0c.O/am=BECAAQ/d=1/ed=1/rs=AN8SPfrfpV1fVD671RMt7gltiU7OddeqCg/m=el_main:0:0)
    at Fk (https://translate.googleapis.com/_/translate_http/_/js/k=translate_http.tr.id.dYg8Kd2Ys0c.O/am=BECAAQ/d=1/ed=1/rs=AN8SPfrfpV1fVD671RMt7gltiU7OddeqCg/m=el_main:0:0)
    at Hk (https://translate.googleapis.com/_/translate_http/_/js/k=translate_http.tr.id.dYg8Kd2Ys0c.O/am=BECAAQ/d=1/ed=1/rs=AN8SPfrfpV1fVD671RMt7gltiU7OddeqCg/m=el_main:0:0)
    at Fk (https://translate.googleapis.com/_/translate_http/_/js/k=translate_http.tr.id.dYg8Kd2Ys0c.O/am=BECAAQ/d=1/ed=1/rs=AN8SPfrfpV1fVD671RMt7gltiU7OddeqCg/m=el_main:0:0)
    at Hk (https://translate.googleapis.com/_/translate_http/_/js/k=translate_http.tr.id.dYg8Kd2Ys0c.O/am=BECAAQ/d=1/ed=1/rs=AN8SPfrfpV1fVD671RMt7gltiU7OddeqCg/m=el_main:0:0)
    at Fk (https://translate.googleapis.com/_/translate_http/_/js/k=translate_http.tr.id.dYg8Kd2Ys0c.O/am=BECAAQ/d=1/ed=1/rs=AN8SPfrfpV1fVD671RMt7gltiU7OddeqCg/m=el_main:0:0)
    at Hk (https://translate.googleapis.com/_/translate_http/_/js/k=translate_http.tr.id.dYg8Kd2Ys0c.O/am=BECAAQ/d=1/ed=1/rs=AN8SPfrfpV1fVD671RMt7gltiU7OddeqCg/m=el_main:0:0)
    at Fk (https://translate.googleapis.com/_/translate_http/_/js/k=translate_http.tr.id.dYg8Kd2Ys0c.O/am=BECAAQ/d=1/ed=1/rs=AN8SPfrfpV1fVD671RMt7gltiU7OddeqCg/m=el_main:0:0)
    at Hk (https://translate.googleapis.com/_/translate_http/_/js/k=translate_http.tr.id.dYg8Kd2Ys0c.O/am=BECAAQ/d=1/ed=1/rs=AN8SPfrfpV1fVD671RMt7gltiU7OddeqCg/m=el_main:0:0)
    at Fk (https://translate.googleapis.com/_/translate_http/_/js/k=translate_http.tr.id.dYg8Kd2Ys0c.O/am=BECAAQ/d=1/ed=1/rs=AN8SPfrfpV1fVD671RMt7gltiU7OddeqCg/m=el_main:0:0)
    at Hk (https://translate.googleapis.com/_/translate_http/_/js/k=translate_http.tr.id.dYg8Kd2Ys0c.O/am=BECAAQ/d=1/ed=1/rs=AN8SPfrfpV1fVD671RMt7gltiU7OddeqCg/m=el_main:0:0)
    at Fk (https://translate.googleapis.com/_/translate_http/_/js/k=translate_http.tr.id.dYg8Kd2Ys0c.O/am=BECAAQ/d=1/ed=1/rs=AN8SPfrfpV1fVD671RMt7gltiU7OddeqCg/m=el_main:0:0)
    at Hk (https://translate.googleapis.com/_/translate_http/_/js/k=translate_http.tr.id.dYg8Kd2Ys0c.O/am=BECAAQ/d=1/ed=1/rs=AN8SPfrfpV1fVD671RMt7gltiU7OddeqCg/m=el_main:0:0)
    at Fk (https://translate.googleapis.com/_/translate_http/_/js/k=translate_http.tr.id.dYg8Kd2Ys0c.O/am=BECAAQ/d=1/ed=1/rs=AN8SPfrfpV1fVD671RMt7gltiU7OddeqCg/m=el_main:0:0)
    at Hk (https://translate.googleapis.com/_/translate_http/_/js/k=translate_http.tr.id.dYg8Kd2Ys0c.O/am=BECAAQ/d=1/ed=1/rs=AN8SPfrfpV1fVD671RMt7gltiU7OddeqCg/m=el_main:0:0)
    at Fk (https://translate.googleapis.com/_/translate_http/_/js/k=translate_http.tr.id.dYg8Kd2Ys0c.O/am=BECAAQ/d=1/ed=1/rs=AN8SPfrfpV1fVD671RMt7gltiU7OddeqCg/m=el_main:0:0)
    at Hk (https://translate.googleapis.com/_/translate_http/_/js/k=translate_http.tr.id.dYg8Kd2Ys0c.O/am=BECAAQ/d=1/ed=1/rs=AN8SPfrfpV1fVD671RMt7gltiU7OddeqCg/m=el_main:0:0)
    at Fk (https://translate.googleapis.com/_/translate_http/_/js/k=translate_http.tr.id.dYg8Kd2Ys0c.O/am=BECAAQ/d=1/ed=1/rs=AN8SPfrfpV1fVD671RMt7gltiU7OddeqCg/m=el_main:0:0)
    at Hk (https://translate.googleapis.com/_/translate_http/_/js/k=translate_http.tr.id.dYg8Kd2Ys0c.O/am=BECAAQ/d=1/ed=1/rs=AN8SPfrfpV1fVD671RMt7gltiU7OddeqCg/m=el_main:0:0)
    at Fk (https://translate.googleapis.com/_/translate_http/_/js/k=translate_http.tr.id.dYg8Kd2Ys0c.O/am=BECAAQ/d=1/ed=1/rs=AN8SPfrfpV1fVD671RMt7gltiU7OddeqCg/m=el_main:0:0)
    at Hk (https://translate.googleapis.com/_/translate_http/_/js/k=translate_http.tr.id.dYg8Kd2Ys0c.O/am=BECAAQ/d=1/ed=1/rs=AN8SPfrfpV1fVD671RMt7gltiU7OddeqCg/m=el_main:0:0)
    at Fk (https://translate.googleapis.com/_/translate_http/_/js/k=translate_http.tr.id.dYg8Kd2Ys0c.O/am=BECAAQ/d=1/ed=1/rs=AN8SPfrfpV1fVD671RMt7gltiU7OddeqCg/m=el_main:0:0)
    at Hk (https://translate.googleapis.com/_/translate_http/_/js/k=translate_http.tr.id.dYg8Kd2Ys0c.O/am=BECAAQ/d=1/ed=1/rs=AN8SPfrfpV1fVD671RMt7gltiU7OddeqCg/m=el_main:0:0)
    at Fk (https://translate.googleapis.com/_/translate_http/_/js/k=translate_http.tr.id.dYg8Kd2Ys0c.O/am=BECAAQ/d=1/ed=1/rs=AN8SPfrfpV1fVD671RMt7gltiU7OddeqCg/m=el_main:0:0)
    at Hk (https://translate.googleapis.com/_/translate_http/_/js/k=translate_http.tr.id.dYg8Kd2Ys0c.O/am=BECAAQ/d=1/ed=1/rs=AN8SPfrfpV1fVD671RMt7gltiU7OddeqCg/m=el_main:0:0)
    at Fk (https://translate.googleapis.com/_/translate_http/_/js/k=translate_http.tr.id.dYg8Kd2Ys0c.O/am=BECAAQ/d=1/ed=1/rs=AN8SPfrfpV1fVD671RMt7gltiU7OddeqCg/m=el_main:0:0)
    at Hk (https://translate.googleapis.com/_/translate_http/_/js/k=translate_http.tr.id.dYg8Kd2Ys0c.O/am=BECAAQ/d=1/ed=1/rs=AN8SPfrfpV1fVD671RMt7gltiU7OddeqCg/m=el_main:0:0)
    at Fk (https://translate.googleapis.com/_/translate_http/_/js/k=translate_http.tr.id.dYg8Kd2Ys0c.O/am=BECAAQ/d=1/ed=1/rs=AN8SPfrfpV1fVD671RMt7gltiU7OddeqCg/m=el_main:0:0)
    at Hk (https://translate.googleapis.com/_/translate_http/_/js/k=translate_http.tr.id.dYg8Kd2Ys0c.O/am=BECAAQ/d=1/ed=1/rs=AN8SPfrfpV1fVD671RMt7gltiU7OddeqCg/m=el_main:0:0)
    at Fk (https://translate.googleapis.com/_/translate_http/_/js/k=translate_http.tr.id.dYg8Kd2Ys0c.O/am=BECAAQ/d=1/ed=1/rs=AN8SPfrfpV1fVD671RMt7gltiU7OddeqCg/m=el_main:0:0)
    at Hk (https://translate.googleapis.com/_/translate_http/_/js/k=translate_http.tr.id.dYg8Kd2Ys0c.O/am=BECAAQ/d=1/ed=1/rs=AN8SPfrfpV1fVD671RMt7gltiU7OddeqCg/m=el_main:0:0)
    at Fk (https://translate.googleapis.com/_/translate_http/_/js/k=translate_http.tr.id.dYg8Kd2Ys0c.O/am=BECAAQ/d=1/ed=1/rs=AN8SPfrfpV1fVD671RMt7gltiU7OddeqCg/m=el_main:0:0)
    at Hk (https://translate.googleapis.com/_/translate_http/_/js/k=translate_http.tr.id.dYg8Kd2Ys0c.O/am=BECAAQ/d=1/ed=1/rs=AN8SPfrfpV1fVD671RMt7gltiU7OddeqCg/m=el_main:0:0)
    at Fk (https://translate.googleapis.com/_/translate_http/_/js/k=translate_http.tr.id.dYg8Kd2Ys0c.O/am=BECAAQ/d=1/ed=1/rs=AN8SPfrfpV1fVD671RMt7gltiU7OddeqCg/m=el_main:0:0)
    at Hk (https://translate.googleapis.com/_/translate_http/_/js/k=translate_http.tr.id.dYg8Kd2Ys0c.O/am=BECAAQ/d=1/ed=1/rs=AN8SPfrfpV1fVD671RMt7gltiU7OddeqCg/m=el_main:0:0)
    at Fk (https://translate.googleapis.com/_/translate_http/_/js/k=translate_http.tr.id.dYg8Kd2Ys0c.O/am=BECAAQ/d=1/ed=1/rs=AN8SPfrfpV1fVD671RMt7gltiU7OddeqCg/m=el_main:0:0)
    at Hk (https://translate.googleapis.com/_/translate_http/_/js/k=translate_http.tr.id.dYg8Kd2Ys0c.O/am=BECAAQ/d=1/ed=1/rs=AN8SPfrfpV1fVD671RMt7gltiU7OddeqCg/m=el_main:0:0)
    at Fk (https://translate.googleapis.com/_/translate_http/_/js/k=translate_http.tr.id.dYg8Kd2Ys0c.O/am=BECAAQ/d=1/ed=1/rs=AN8SPfrfpV1fVD671RMt7gltiU7OddeqCg/m=el_main:0:0)
    at Hk (https://translate.googleapis.com/_/translate_http/_/js/k=translate_http.tr.id.dYg8Kd2Ys0c.O/am=BECAAQ/d=1/ed=1/rs=AN8SPfrfpV1fVD671RMt7gltiU7OddeqCg/m=el_main:0:0)
    at Fk (https://translate.googleapis.com/_/translate_http/_/js/k=translate_http.tr.id.dYg8Kd2Ys0c.O/am=BECAAQ/d=1/ed=1/rs=AN8SPfrfpV1fVD671RMt7gltiU7OddeqCg/m=el_main:0:0)
    at Hk (https://translate.googleapis.com/_/translate_http/_/js/k=translate_http.tr.id.dYg8Kd2Ys0c.O/am=BECAAQ/d=1/ed=1/rs=AN8SPfrfpV1fVD671RMt7gltiU7OddeqCg/m=el_main:0:0)
    at Fk (https://translate.googleapis.com/_/translate_http/_/js/k=translate_http.tr.id.dYg8Kd2Ys0c.O/am=BECAAQ/d=1/ed=1/rs=AN8SPfrfpV1fVD671RMt7gltiU7OddeqCg/m=el_main:0:0)
    at Hk (https://translate.googleapis.com/_/translate_http/_/js/k=translate_http.tr.id.dYg8Kd2Ys0c.O/am=BECAAQ/d=1/ed=1/rs=AN8SPfrfpV1fVD671RMt7gltiU7OddeqCg/m=el_main:0:0)
    at Fk (https://translate.googleapis.com/_/translate_http/_/js/k=translate_http.tr.id.dYg8Kd2Ys0c.O/am=BECAAQ/d=1/ed=1/rs=AN8SPfrfpV1fVD671RMt7gltiU7OddeqCg/m=el_main:0:0)
    at Hk (https://translate.googleapis.com/_/translate_http/_/js/k=translate_http.tr.id.dYg8Kd2Ys0c.O/am=BECAAQ/d=1/ed=1/rs=AN8SPfrfpV1fVD671RMt7gltiU7OddeqCg/m=el_main:0:0)
[  600350ms] Uncaught RangeError: Maximum call stack size exceeded
    at _.ii (https://translate.googleapis.com/_/translate_http/_/js/k=translate_http.tr.id.dYg8Kd2Ys0c.O/am=BECAAQ/d=1/ed=1/rs=AN8SPfrfpV1fVD671RMt7gltiU7OddeqCg/m=el_main:0:0)
    at <anonymous> (https://translate.googleapis.com/_/translate_http/_/js/k=translate_http.tr.id.dYg8Kd2Ys0c.O/am=BECAAQ/d=1/ed=1/rs=AN8SPfrfpV1fVD671RMt7gltiU7OddeqCg/m=el_main:0:0)
    at _.si (https://translate.googleapis.com/_/translate_http/_/js/k=translate_http.tr.id.dYg8Kd2Ys0c.O/am=BECAAQ/d=1/ed=1/rs=AN8SPfrfpV1fVD671RMt7gltiU7OddeqCg/m=el_main:193:247)
    at _.ti (https://translate.googleapis.com/_/translate_http/_/js/k=translate_http.tr.id.dYg8Kd2Ys0c.O/am=BECAAQ/d=1/ed=1/rs=AN8SPfrfpV1fVD671RMt7gltiU7OddeqCg/m=el_main:0:0)
    at _.Ti (https://translate.googleapis.com/_/translate_http/_/js/k=translate_http.tr.id.dYg8Kd2Ys0c.O/am=BECAAQ/d=1/ed=1/rs=AN8SPfrfpV1fVD671RMt7gltiU7OddeqCg/m=el_main:194:86)
    at Hk (https://translate.googleapis.com/_/translate_http/_/js/k=translate_http.tr.id.dYg8Kd2Ys0c.O/am=BECAAQ/d=1/ed=1/rs=AN8SPfrfpV1fVD671RMt7gltiU7OddeqCg/m=el_main:0:0)
    at Fk (https://translate.googleapis.com/_/translate_http/_/js/k=translate_http.tr.id.dYg8Kd2Ys0c.O/am=BECAAQ/d=1/ed=1/rs=AN8SPfrfpV1fVD671RMt7gltiU7OddeqCg/m=el_main:0:0)
    at Hk (https://translate.googleapis.com/_/translate_http/_/js/k=translate_http.tr.id.dYg8Kd2Ys0c.O/am=BECAAQ/d=1/ed=1/rs=AN8SPfrfpV1fVD671RMt7gltiU7OddeqCg/m=el_main:0:0)
    at Fk (https://translate.googleapis.com/_/translate_http/_/js/k=translate_http.tr.id.dYg8Kd2Ys0c.O/am=BECAAQ/d=1/ed=1/rs=AN8SPfrfpV1fVD671RMt7gltiU7OddeqCg/m=el_main:0:0)
    at Hk (https://translate.googleapis.com/_/translate_http/_/js/k=translate_http.tr.id.dYg8Kd2Ys0c.O/am=BECAAQ/d=1/ed=1/rs=AN8SPfrfpV1fVD671RMt7gltiU7OddeqCg/m=el_main:0:0)
    at Fk (https://translate.googleapis.com/_/translate_http/_/js/k=translate_http.tr.id.dYg8Kd2Ys0c.O/am=BECAAQ/d=1/ed=1/rs=AN8SPfrfpV1fVD671RMt7gltiU7OddeqCg/m=el_main:0:0)
    at Hk (https://translate.googleapis.com/_/translate_http/_/js/k=translate_http.tr.id.dYg8Kd2Ys0c.O/am=BECAAQ/d=1/ed=1/rs=AN8SPfrfpV1fVD671RMt7gltiU7OddeqCg/m=el_main:0:0)
    at Fk (https://translate.googleapis.com/_/translate_http/_/js/k=translate_http.tr.id.dYg8Kd2Ys0c.O/am=BECAAQ/d=1/ed=1/rs=AN8SPfrfpV1fVD671RMt7gltiU7OddeqCg/m=el_main:0:0)
    at Hk (https://translate.googleapis.com/_/translate_http/_/js/k=translate_http.tr.id.dYg8Kd2Ys0c.O/am=BECAAQ/d=1/ed=1/rs=AN8SPfrfpV1fVD671RMt7gltiU7OddeqCg/m=el_main:0:0)
    at Fk (https://translate.googleapis.com/_/translate_http/_/js/k=translate_http.tr.id.dYg8Kd2Ys0c.O/am=BECAAQ/d=1/ed=1/rs=AN8SPfrfpV1fVD671RMt7gltiU7OddeqCg/m=el_main:0:0)
    at Hk (https://translate.googleapis.com/_/translate_http/_/js/k=translate_http.tr.id.dYg8Kd2Ys0c.O/am=BECAAQ/d=1/ed=1/rs=AN8SPfrfpV1fVD671RMt7gltiU7OddeqCg/m=el_main:0:0)
    at Fk (https://translate.googleapis.com/_/translate_http/_/js/k=translate_http.tr.id.dYg8Kd2Ys0c.O/am=BECAAQ/d=1/ed=1/rs=AN8SPfrfpV1fVD671RMt7gltiU7OddeqCg/m=el_main:0:0)
    at Hk (https://translate.googleapis.com/_/translate_http/_/js/k=translate_http.tr.id.dYg8Kd2Ys0c.O/am=BECAAQ/d=1/ed=1/rs=AN8SPfrfpV1fVD671RMt7gltiU7OddeqCg/m=el_main:0:0)
    at Fk (https://translate.googleapis.com/_/translate_http/_/js/k=translate_http.tr.id.dYg8Kd2Ys0c.O/am=BECAAQ/d=1/ed=1/rs=AN8SPfrfpV1fVD671RMt7gltiU7OddeqCg/m=el_main:0:0)
    at Hk (https://translate.googleapis.com/_/translate_http/_/js/k=translate_http.tr.id.dYg8Kd2Ys0c.O/am=BECAAQ/d=1/ed=1/rs=AN8SPfrfpV1fVD671RMt7gltiU7OddeqCg/m=el_main:0:0)
    at Fk (https://translate.googleapis.com/_/translate_http/_/js/k=translate_http.tr.id.dYg8Kd2Ys0c.O/am=BECAAQ/d=1/ed=1/rs=AN8SPfrfpV1fVD671RMt7gltiU7OddeqCg/m=el_main:0:0)
    at Hk (https://translate.googleapis.com/_/translate_http/_/js/k=translate_http.tr.id.dYg8Kd2Ys0c.O/am=BECAAQ/d=1/ed=1/rs=AN8SPfrfpV1fVD671RMt7gltiU7OddeqCg/m=el_main:0:0)
    at Fk (https://translate.googleapis.com/_/translate_http/_/js/k=translate_http.tr.id.dYg8Kd2Ys0c.O/am=BECAAQ/d=1/ed=1/rs=AN8SPfrfpV1fVD671RMt7gltiU7OddeqCg/m=el_main:0:0)
    at Hk (https://translate.googleapis.com/_/translate_http/_/js/k=translate_http.tr.id.dYg8Kd2Ys0c.O/am=BECAAQ/d=1/ed=1/rs=AN8SPfrfpV1fVD671RMt7gltiU7OddeqCg/m=el_main:0:0)
    at Fk (https://translate.googleapis.com/_/translate_http/_/js/k=translate_http.tr.id.dYg8Kd2Ys0c.O/am=BECAAQ/d=1/ed=1/rs=AN8SPfrfpV1fVD671RMt7gltiU7OddeqCg/m=el_main:0:0)
    at Hk (https://translate.googleapis.com/_/translate_http/_/js/k=translate_http.tr.id.dYg8Kd2Ys0c.O/am=BECAAQ/d=1/ed=1/rs=AN8SPfrfpV1fVD671RMt7gltiU7OddeqCg/m=el_main:0:0)
    at Fk (https://translate.googleapis.com/_/translate_http/_/js/k=translate_http.tr.id.dYg8Kd2Ys0c.O/am=BECAAQ/d=1/ed=1/rs=AN8SPfrfpV1fVD671RMt7gltiU7OddeqCg/m=el_main:0:0)
    at Hk (https://translate.googleapis.com/_/translate_http/_/js/k=translate_http.tr.id.dYg8Kd2Ys0c.O/am=BECAAQ/d=1/ed=1/rs=AN8SPfrfpV1fVD671RMt7gltiU7OddeqCg/m=el_main:0:0)
    at Fk (https://translate.googleapis.com/_/translate_http/_/js/k=translate_http.tr.id.dYg8Kd2Ys0c.O/am=BECAAQ/d=1/ed=1/rs=AN8SPfrfpV1fVD671RMt7gltiU7OddeqCg/m=el_main:0:0)
    at Hk (https://translate.googleapis.com/_/translate_http/_/js/k=translate_http.tr.id.dYg8Kd2Ys0c.O/am=BECAAQ/d=1/ed=1/rs=AN8SPfrfpV1fVD671RMt7gltiU7OddeqCg/m=el_main:0:0)
    at Fk (https://translate.googleapis.com/_/translate_http/_/js/k=translate_http.tr.id.dYg8Kd2Ys0c.O/am=BECAAQ/d=1/ed=1/rs=AN8SPfrfpV1fVD671RMt7gltiU7OddeqCg/m=el_main:0:0)
    at Hk (https://translate.googleapis.com/_/translate_http/_/js/k=translate_http.tr.id.dYg8Kd2Ys0c.O/am=BECAAQ/d=1/ed=1/rs=AN8SPfrfpV1fVD671RMt7gltiU7OddeqCg/m=el_main:0:0)
    at Fk (https://translate.googleapis.com/_/translate_http/_/js/k=translate_http.tr.id.dYg8Kd2Ys0c.O/am=BECAAQ/d=1/ed=1/rs=AN8SPfrfpV1fVD671RMt7gltiU7OddeqCg/m=el_main:0:0)
    at Hk (https://translate.googleapis.com/_/translate_http/_/js/k=translate_http.tr.id.dYg8Kd2Ys0c.O/am=BECAAQ/d=1/ed=1/rs=AN8SPfrfpV1fVD671RMt7gltiU7OddeqCg/m=el_main:0:0)
    at Fk (https://translate.googleapis.com/_/translate_http/_/js/k=translate_http.tr.id.dYg8Kd2Ys0c.O/am=BECAAQ/d=1/ed=1/rs=AN8SPfrfpV1fVD671RMt7gltiU7OddeqCg/m=el_main:0:0)
    at Hk (https://translate.googleapis.com/_/translate_http/_/js/k=translate_http.tr.id.dYg8Kd2Ys0c.O/am=BECAAQ/d=1/ed=1/rs=AN8SPfrfpV1fVD671RMt7gltiU7OddeqCg/m=el_main:0:0)
    at Fk (https://translate.googleapis.com/_/translate_http/_/js/k=translate_http.tr.id.dYg8Kd2Ys0c.O/am=BECAAQ/d=1/ed=1/rs=AN8SPfrfpV1fVD671RMt7gltiU7OddeqCg/m=el_main:0:0)
    at Hk (https://translate.googleapis.com/_/translate_http/_/js/k=translate_http.tr.id.dYg8Kd2Ys0c.O/am=BECAAQ/d=1/ed=1/rs=AN8SPfrfpV1fVD671RMt7gltiU7OddeqCg/m=el_main:0:0)
    at Fk (https://translate.googleapis.com/_/translate_http/_/js/k=translate_http.tr.id.dYg8Kd2Ys0c.O/am=BECAAQ/d=1/ed=1/rs=AN8SPfrfpV1fVD671RMt7gltiU7OddeqCg/m=el_main:0:0)
    at Hk (https://translate.googleapis.com/_/translate_http/_/js/k=translate_http.tr.id.dYg8Kd2Ys0c.O/am=BECAAQ/d=1/ed=1/rs=AN8SPfrfpV1fVD671RMt7gltiU7OddeqCg/m=el_main:0:0)
    at Fk (https://translate.googleapis.com/_/translate_http/_/js/k=translate_http.tr.id.dYg8Kd2Ys0c.O/am=BECAAQ/d=1/ed=1/rs=AN8SPfrfpV1fVD671RMt7gltiU7OddeqCg/m=el_main:0:0)
    at Hk (https://translate.googleapis.com/_/translate_http/_/js/k=translate_http.tr.id.dYg8Kd2Ys0c.O/am=BECAAQ/d=1/ed=1/rs=AN8SPfrfpV1fVD671RMt7gltiU7OddeqCg/m=el_main:0:0)
    at Fk (https://translate.googleapis.com/_/translate_http/_/js/k=translate_http.tr.id.dYg8Kd2Ys0c.O/am=BECAAQ/d=1/ed=1/rs=AN8SPfrfpV1fVD671RMt7gltiU7OddeqCg/m=el_main:0:0)
    at Hk (https://translate.googleapis.com/_/translate_http/_/js/k=translate_http.tr.id.dYg8Kd2Ys0c.O/am=BECAAQ/d=1/ed=1/rs=AN8SPfrfpV1fVD671RMt7gltiU7OddeqCg/m=el_main:0:0)
    at Fk (https://translate.googleapis.com/_/translate_http/_/js/k=translate_http.tr.id.dYg8Kd2Ys0c.O/am=BECAAQ/d=1/ed=1/rs=AN8SPfrfpV1fVD671RMt7gltiU7OddeqCg/m=el_main:0:0)
    at Hk (https://translate.googleapis.com/_/translate_http/_/js/k=translate_http.tr.id.dYg8Kd2Ys0c.O/am=BECAAQ/d=1/ed=1/rs=AN8SPfrfpV1fVD671RMt7gltiU7OddeqCg/m=el_main:0:0)
    at Fk (https://translate.googleapis.com/_/translate_http/_/js/k=translate_http.tr.id.dYg8Kd2Ys0c.O/am=BECAAQ/d=1/ed=1/rs=AN8SPfrfpV1fVD671RMt7gltiU7OddeqCg/m=el_main:0:0)
    at Hk (https://translate.googleapis.com/_/translate_http/_/js/k=translate_http.tr.id.dYg8Kd2Ys0c.O/am=BECAAQ/d=1/ed=1/rs=AN8SPfrfpV1fVD671RMt7gltiU7OddeqCg/m=el_main:0:0)
    at Fk (https://translate.googleapis.com/_/translate_http/_/js/k=translate_http.tr.id.dYg8Kd2Ys0c.O/am=BECAAQ/d=1/ed=1/rs=AN8SPfrfpV1fVD671RMt7gltiU7OddeqCg/m=el_main:0:0)
    at Hk (https://translate.googleapis.com/_/translate_http/_/js/k=translate_http.tr.id.dYg8Kd2Ys0c.O/am=BECAAQ/d=1/ed=1/rs=AN8SPfrfpV1fVD671RMt7gltiU7OddeqCg/m=el_main:0:0)
    at Fk (https://translate.googleapis.com/_/translate_http/_/js/k=translate_http.tr.id.dYg8Kd2Ys0c.O/am=BECAAQ/d=1/ed=1/rs=AN8SPfrfpV1fVD671RMt7gltiU7OddeqCg/m=el_main:0:0)
    at Hk (https://translate.googleapis.com/_/translate_http/_/js/k=translate_http.tr.id.dYg8Kd2Ys0c.O/am=BECAAQ/d=1/ed=1/rs=AN8SPfrfpV1fVD671RMt7gltiU7OddeqCg/m=el_main:0:0)
    at Fk (https://translate.googleapis.com/_/translate_http/_/js/k=translate_http.tr.id.dYg8Kd2Ys0c.O/am=BECAAQ/d=1/ed=1/rs=AN8SPfrfpV1fVD671RMt7gltiU7OddeqCg/m=el_main:0:0)
    at Hk (https://translate.googleapis.com/_/translate_http/_/js/k=translate_http.tr.id.dYg8Kd2Ys0c.O/am=BECAAQ/d=1/ed=1/rs=AN8SPfrfpV1fVD671RMt7gltiU7OddeqCg/m=el_main:0:0)
    at Fk (https://translate.googleapis.com/_/translate_http/_/js/k=translate_http.tr.id.dYg8Kd2Ys0c.O/am=BECAAQ/d=1/ed=1/rs=AN8SPfrfpV1fVD671RMt7gltiU7OddeqCg/m=el_main:0:0)
    at Hk (https://translate.googleapis.com/_/translate_http/_/js/k=translate_http.tr.id.dYg8Kd2Ys0c.O/am=BECAAQ/d=1/ed=1/rs=AN8SPfrfpV1fVD671RMt7gltiU7OddeqCg/m=el_main:0:0)
    at Fk (https://translate.googleapis.com/_/translate_http/_/js/k=translate_http.tr.id.dYg8Kd2Ys0c.O/am=BECAAQ/d=1/ed=1/rs=AN8SPfrfpV1fVD671RMt7gltiU7OddeqCg/m=el_main:0:0)
    at Hk (https://translate.googleapis.com/_/translate_http/_/js/k=translate_http.tr.id.dYg8Kd2Ys0c.O/am=BECAAQ/d=1/ed=1/rs=AN8SPfrfpV1fVD671RMt7gltiU7OddeqCg/m=el_main:0:0)
    at Fk (https://translate.googleapis.com/_/translate_http/_/js/k=translate_http.tr.id.dYg8Kd2Ys0c.O/am=BECAAQ/d=1/ed=1/rs=AN8SPfrfpV1fVD671RMt7gltiU7OddeqCg/m=el_main:0:0)
    at Hk (https://translate.googleapis.com/_/translate_http/_/js/k=translate_http.tr.id.dYg8Kd2Ys0c.O/am=BECAAQ/d=1/ed=1/rs=AN8SPfrfpV1fVD671RMt7gltiU7OddeqCg/m=el_main:0:0)
    at Fk (https://translate.googleapis.com/_/translate_http/_/js/k=translate_http.tr.id.dYg8Kd2Ys0c.O/am=BECAAQ/d=1/ed=1/rs=AN8SPfrfpV1fVD671RMt7gltiU7OddeqCg/m=el_main:0:0)
    at Hk (https://translate.googleapis.com/_/translate_http/_/js/k=translate_http.tr.id.dYg8Kd2Ys0c.O/am=BECAAQ/d=1/ed=1/rs=AN8SPfrfpV1fVD671RMt7gltiU7OddeqCg/m=el_main:0:0)
    at Fk (https://translate.googleapis.com/_/translate_http/_/js/k=translate_http.tr.id.dYg8Kd2Ys0c.O/am=BECAAQ/d=1/ed=1/rs=AN8SPfrfpV1fVD671RMt7gltiU7OddeqCg/m=el_main:0:0)
    at Hk (https://translate.googleapis.com/_/translate_http/_/js/k=translate_http.tr.id.dYg8Kd2Ys0c.O/am=BECAAQ/d=1/ed=1/rs=AN8SPfrfpV1fVD671RMt7gltiU7OddeqCg/m=el_main:0:0)
    at Fk (https://translate.googleapis.com/_/translate_http/_/js/k=translate_http.tr.id.dYg8Kd2Ys0c.O/am=BECAAQ/d=1/ed=1/rs=AN8SPfrfpV1fVD671RMt7gltiU7OddeqCg/m=el_main:0:0)
    at Hk (https://translate.googleapis.com/_/translate_http/_/js/k=translate_http.tr.id.dYg8Kd2Ys0c.O/am=BECAAQ/d=1/ed=1/rs=AN8SPfrfpV1fVD671RMt7gltiU7OddeqCg/m=el_main:0:0)
    at Fk (https://translate.googleapis.com/_/translate_http/_/js/k=translate_http.tr.id.dYg8Kd2Ys0c.O/am=BECAAQ/d=1/ed=1/rs=AN8SPfrfpV1fVD671RMt7gltiU7OddeqCg/m=el_main:0:0)
    at Hk (https://translate.googleapis.com/_/translate_http/_/js/k=translate_http.tr.id.dYg8Kd2Ys0c.O/am=BECAAQ/d=1/ed=1/rs=AN8SPfrfpV1fVD671RMt7gltiU7OddeqCg/m=el_main:0:0)
    at Fk (https://translate.googleapis.com/_/translate_http/_/js/k=translate_http.tr.id.dYg8Kd2Ys0c.O/am=BECAAQ/d=1/ed=1/rs=AN8SPfrfpV1fVD671RMt7gltiU7OddeqCg/m=el_main:0:0)
    at Hk (https://translate.googleapis.com/_/translate_http/_/js/k=translate_http.tr.id.dYg8Kd2Ys0c.O/am=BECAAQ/d=1/ed=1/rs=AN8SPfrfpV1fVD671RMt7gltiU7OddeqCg/m=el_main:0:0)
    at Fk (https://translate.googleapis.com/_/translate_http/_/js/k=translate_http.tr.id.dYg8Kd2Ys0c.O/am=BECAAQ/d=1/ed=1/rs=AN8SPfrfpV1fVD671RMt7gltiU7OddeqCg/m=el_main:0:0)
    at Hk (https://translate.googleapis.com/_/translate_http/_/js/k=translate_http.tr.id.dYg8Kd2Ys0c.O/am=BECAAQ/d=1/ed=1/rs=AN8SPfrfpV1fVD671RMt7gltiU7OddeqCg/m=el_main:0:0)
    at Fk (https://translate.googleapis.com/_/translate_http/_/js/k=translate_http.tr.id.dYg8Kd2Ys0c.O/am=BECAAQ/d=1/ed=1/rs=AN8SPfrfpV1fVD671RMt7gltiU7OddeqCg/m=el_main:0:0)
    at Hk (https://translate.googleapis.com/_/translate_http/_/js/k=translate_http.tr.id.dYg8Kd2Ys0c.O/am=BECAAQ/d=1/ed=1/rs=AN8SPfrfpV1fVD671RMt7gltiU7OddeqCg/m=el_main:0:0)
    at Fk (https://translate.googleapis.com/_/translate_http/_/js/k=translate_http.tr.id.dYg8Kd2Ys0c.O/am=BECAAQ/d=1/ed=1/rs=AN8SPfrfpV1fVD671RMt7gltiU7OddeqCg/m=el_main:0:0)
    at Hk (https://translate.googleapis.com/_/translate_http/_/js/k=translate_http.tr.id.dYg8Kd2Ys0c.O/am=BECAAQ/d=1/ed=1/rs=AN8SPfrfpV1fVD671RMt7gltiU7OddeqCg/m=el_main:0:0)
    at Fk (https://translate.googleapis.com/_/translate_http/_/js/k=translate_http.tr.id.dYg8Kd2Ys0c.O/am=BECAAQ/d=1/ed=1/rs=AN8SPfrfpV1fVD671RMt7gltiU7OddeqCg/m=el_main:0:0)
    at Hk (https://translate.googleapis.com/_/translate_http/_/js/k=translate_http.tr.id.dYg8Kd2Ys0c.O/am=BECAAQ/d=1/ed=1/rs=AN8SPfrfpV1fVD671RMt7gltiU7OddeqCg/m=el_main:0:0)
    at Fk (https://translate.googleapis.com/_/translate_http/_/js/k=translate_http.tr.id.dYg8Kd2Ys0c.O/am=BECAAQ/d=1/ed=1/rs=AN8SPfrfpV1fVD671RMt7gltiU7OddeqCg/m=el_main:0:0)
    at Hk (https://translate.googleapis.com/_/translate_http/_/js/k=translate_http.tr.id.dYg8Kd2Ys0c.O/am=BECAAQ/d=1/ed=1/rs=AN8SPfrfpV1fVD671RMt7gltiU7OddeqCg/m=el_main:0:0)
    at Fk (https://translate.googleapis.com/_/translate_http/_/js/k=translate_http.tr.id.dYg8Kd2Ys0c.O/am=BECAAQ/d=1/ed=1/rs=AN8SPfrfpV1fVD671RMt7gltiU7OddeqCg/m=el_main:0:0)
    at Hk (https://translate.googleapis.com/_/translate_http/_/js/k=translate_http.tr.id.dYg8Kd2Ys0c.O/am=BECAAQ/d=1/ed=1/rs=AN8SPfrfpV1fVD671RMt7gltiU7OddeqCg/m=el_main:0:0)
    at Fk (https://translate.googleapis.com/_/translate_http/_/js/k=translate_http.tr.id.dYg8Kd2Ys0c.O/am=BECAAQ/d=1/ed=1/rs=AN8SPfrfpV1fVD671RMt7gltiU7OddeqCg/m=el_main:0:0)
    at Hk (https://translate.googleapis.com/_/translate_http/_/js/k=translate_http.tr.id.dYg8Kd2Ys0c.O/am=BECAAQ/d=1/ed=1/rs=AN8SPfrfpV1fVD671RMt7gltiU7OddeqCg/m=el_main:0:0)
    at Fk (https://translate.googleapis.com/_/translate_http/_/js/k=translate_http.tr.id.dYg8Kd2Ys0c.O/am=BECAAQ/d=1/ed=1/rs=AN8SPfrfpV1fVD671RMt7gltiU7OddeqCg/m=el_main:0:0)
    at Hk (https://translate.googleapis.com/_/translate_http/_/js/k=translate_http.tr.id.dYg8Kd2Ys0c.O/am=BECAAQ/d=1/ed=1/rs=AN8SPfrfpV1fVD671RMt7gltiU7OddeqCg/m=el_main:0:0)
    at Fk (https://translate.googleapis.com/_/translate_http/_/js/k=translate_http.tr.id.dYg8Kd2Ys0c.O/am=BECAAQ/d=1/ed=1/rs=AN8SPfrfpV1fVD671RMt7gltiU7OddeqCg/m=el_main:0:0)
    at Hk (https://translate.googleapis.com/_/translate_http/_/js/k=translate_http.tr.id.dYg8Kd2Ys0c.O/am=BECAAQ/d=1/ed=1/rs=AN8SPfrfpV1fVD671RMt7gltiU7OddeqCg/m=el_main:0:0)
    at Fk (https://translate.googleapis.com/_/translate_http/_/js/k=translate_http.tr.id.dYg8Kd2Ys0c.O/am=BECAAQ/d=1/ed=1/rs=AN8SPfrfpV1fVD671RMt7gltiU7OddeqCg/m=el_main:0:0)
    at Hk (https://translate.googleapis.com/_/translate_http/_/js/k=translate_http.tr.id.dYg8Kd2Ys0c.O/am=BECAAQ/d=1/ed=1/rs=AN8SPfrfpV1fVD671RMt7gltiU7OddeqCg/m=el_main:0:0)
    at Fk (https://translate.googleapis.com/_/translate_http/_/js/k=translate_http.tr.id.dYg8Kd2Ys0c.O/am=BECAAQ/d=1/ed=1/rs=AN8SPfrfpV1fVD671RMt7gltiU7OddeqCg/m=el_main:0:0)
    at Hk (https://translate.googleapis.com/_/translate_http/_/js/k=translate_http.tr.id.dYg8Kd2Ys0c.O/am=BECAAQ/d=1/ed=1/rs=AN8SPfrfpV1fVD671RMt7gltiU7OddeqCg/m=el_main:0:0)
    at Fk (https://translate.googleapis.com/_/translate_http/_/js/k=translate_http.tr.id.dYg8Kd2Ys0c.O/am=BECAAQ/d=1/ed=1/rs=AN8SPfrfpV1fVD671RMt7gltiU7OddeqCg/m=el_main:0:0)
    at Hk (https://translate.googleapis.com/_/translate_http/_/js/k=translate_http.tr.id.dYg8Kd2Ys0c.O/am=BECAAQ/d=1/ed=1/rs=AN8SPfrfpV1fVD671RMt7gltiU7OddeqCg/m=el_main:0:0)
    at Fk (https://translate.googleapis.com/_/translate_http/_/js/k=translate_http.tr.id.dYg8Kd2Ys0c.O/am=BECAAQ/d=1/ed=1/rs=AN8SPfrfpV1fVD671RMt7gltiU7OddeqCg/m=el_main:0:0)
    at Hk (https://translate.googleapis.com/_/translate_http/_/js/k=translate_http.tr.id.dYg8Kd2Ys0c.O/am=BECAAQ/d=1/ed=1/rs=AN8SPfrfpV1fVD671RMt7gltiU7OddeqCg/m=el_main:0:0)
    at Fk (https://translate.googleapis.com/_/translate_http/_/js/k=translate_http.tr.id.dYg8Kd2Ys0c.O/am=BECAAQ/d=1/ed=1/rs=AN8SPfrfpV1fVD671RMt7gltiU7OddeqCg/m=el_main:0:0)
    at Hk (https://translate.googleapis.com/_/translate_http/_/js/k=translate_http.tr.id.dYg8Kd2Ys0c.O/am=BECAAQ/d=1/ed=1/rs=AN8SPfrfpV1fVD671RMt7gltiU7OddeqCg/m=el_main:0:0)
    at Fk (https://translate.googleapis.com/_/translate_http/_/js/k=translate_http.tr.id.dYg8Kd2Ys0c.O/am=BECAAQ/d=1/ed=1/rs=AN8SPfrfpV1fVD671RMt7gltiU7OddeqCg/m=el_main:0:0)
    at Hk (https://translate.googleapis.com/_/translate_http/_/js/k=translate_http.tr.id.dYg8Kd2Ys0c.O/am=BECAAQ/d=1/ed=1/rs=AN8SPfrfpV1fVD671RMt7gltiU7OddeqCg/m=el_main:0:0)
    at Fk (https://translate.googleapis.com/_/translate_http/_/js/k=translate_http.tr.id.dYg8Kd2Ys0c.O/am=BECAAQ/d=1/ed=1/rs=AN8SPfrfpV1fVD671RMt7gltiU7OddeqCg/m=el_main:0:0)
    at Hk (https://translate.googleapis.com/_/translate_http/_/js/k=translate_http.tr.id.dYg8Kd2Ys0c.O/am=BECAAQ/d=1/ed=1/rs=AN8SPfrfpV1fVD671RMt7gltiU7OddeqCg/m=el_main:0:0)
    at Fk (https://translate.googleapis.com/_/translate_http/_/js/k=translate_http.tr.id.dYg8Kd2Ys0c.O/am=BECAAQ/d=1/ed=1/rs=AN8SPfrfpV1fVD671RMt7gltiU7OddeqCg/m=el_main:0:0)
    at Hk (https://translate.googleapis.com/_/translate_http/_/js/k=translate_http.tr.id.dYg8Kd2Ys0c.O/am=BECAAQ/d=1/ed=1/rs=AN8SPfrfpV1fVD671RMt7gltiU7OddeqCg/m=el_main:0:0)
    at Fk (https://translate.googleapis.com/_/translate_http/_/js/k=translate_http.tr.id.dYg8Kd2Ys0c.O/am=BECAAQ/d=1/ed=1/rs=AN8SPfrfpV1fVD671RMt7gltiU7OddeqCg/m=el_main:0:0)
    at Hk (https://translate.googleapis.com/_/translate_http/_/js/k=translate_http.tr.id.dYg8Kd2Ys0c.O/am=BECAAQ/d=1/ed=1/rs=AN8SPfrfpV1fVD671RMt7gltiU7OddeqCg/m=el_main:0:0)
    at Fk (https://translate.googleapis.com/_/translate_http/_/js/k=translate_http.tr.id.dYg8Kd2Ys0c.O/am=BECAAQ/d=1/ed=1/rs=AN8SPfrfpV1fVD671RMt7gltiU7OddeqCg/m=el_main:0:0)
    at Hk (https://translate.googleapis.com/_/translate_http/_/js/k=translate_http.tr.id.dYg8Kd2Ys0c.O/am=BECAAQ/d=1/ed=1/rs=AN8SPfrfpV1fVD671RMt7gltiU7OddeqCg/m=el_main:0:0)
    at Fk (https://translate.googleapis.com/_/translate_http/_/js/k=translate_http.tr.id.dYg8Kd2Ys0c.O/am=BECAAQ/d=1/ed=1/rs=AN8SPfrfpV1fVD671RMt7gltiU7OddeqCg/m=el_main:0:0)
    at Hk (https://translate.googleapis.com/_/translate_http/_/js/k=translate_http.tr.id.dYg8Kd2Ys0c.O/am=BECAAQ/d=1/ed=1/rs=AN8SPfrfpV1fVD671RMt7gltiU7OddeqCg/m=el_main:0:0)
    at Fk (https://translate.googleapis.com/_/translate_http/_/js/k=translate_http.tr.id.dYg8Kd2Ys0c.O/am=BECAAQ/d=1/ed=1/rs=AN8SPfrfpV1fVD671RMt7gltiU7OddeqCg/m=el_main:0:0)
    at Hk (https://translate.googleapis.com/_/translate_http/_/js/k=translate_http.tr.id.dYg8Kd2Ys0c.O/am=BECAAQ/d=1/ed=1/rs=AN8SPfrfpV1fVD671RMt7gltiU7OddeqCg/m=el_main:0:0)
    at Fk (https://translate.googleapis.com/_/translate_http/_/js/k=translate_http.tr.id.dYg8Kd2Ys0c.O/am=BECAAQ/d=1/ed=1/rs=AN8SPfrfpV1fVD671RMt7gltiU7OddeqCg/m=el_main:0:0)
    at Hk (https://translate.googleapis.com/_/translate_http/_/js/k=translate_http.tr.id.dYg8Kd2Ys0c.O/am=BECAAQ/d=1/ed=1/rs=AN8SPfrfpV1fVD671RMt7gltiU7OddeqCg/m=el_main:0:0)
    at Fk (https://translate.googleapis.com/_/translate_http/_/js/k=translate_http.tr.id.dYg8Kd2Ys0c.O/am=BECAAQ/d=1/ed=1/rs=AN8SPfrfpV1fVD671RMt7gltiU7OddeqCg/m=el_main:0:0)
    at Hk (https://translate.googleapis.com/_/translate_http/_/js/k=translate_http.tr.id.dYg8Kd2Ys0c.O/am=BECAAQ/d=1/ed=1/rs=AN8SPfrfpV1fVD671RMt7gltiU7OddeqCg/m=el_main:0:0)
    at Fk (https://translate.googleapis.com/_/translate_http/_/js/k=translate_http.tr.id.dYg8Kd2Ys0c.O/am=BECAAQ/d=1/ed=1/rs=AN8SPfrfpV1fVD671RMt7gltiU7OddeqCg/m=el_main:0:0)
    at Hk (https://translate.googleapis.com/_/translate_http/_/js/k=translate_http.tr.id.dYg8Kd2Ys0c.O/am=BECAAQ/d=1/ed=1/rs=AN8SPfrfpV1fVD671RMt7gltiU7OddeqCg/m=el_main:0:0)
    at Fk (https://translate.googleapis.com/_/translate_http/_/js/k=translate_http.tr.id.dYg8Kd2Ys0c.O/am=BECAAQ/d=1/ed=1/rs=AN8SPfrfpV1fVD671RMt7gltiU7OddeqCg/m=el_main:0:0)
    at Hk (https://translate.googleapis.com/_/translate_http/_/js/k=translate_http.tr.id.dYg8Kd2Ys0c.O/am=BECAAQ/d=1/ed=1/rs=AN8SPfrfpV1fVD671RMt7gltiU7OddeqCg/m=el_main:0:0)
    at Fk (https://translate.googleapis.com/_/translate_http/_/js/k=translate_http.tr.id.dYg8Kd2Ys0c.O/am=BECAAQ/d=1/ed=1/rs=AN8SPfrfpV1fVD671RMt7gltiU7OddeqCg/m=el_main:0:0)
    at Hk (https://translate.googleapis.com/_/translate_http/_/js/k=translate_http.tr.id.dYg8Kd2Ys0c.O/am=BECAAQ/d=1/ed=1/rs=AN8SPfrfpV1fVD671RMt7gltiU7OddeqCg/m=el_main:0:0)
    at Fk (https://translate.googleapis.com/_/translate_http/_/js/k=translate_http.tr.id.dYg8Kd2Ys0c.O/am=BECAAQ/d=1/ed=1/rs=AN8SPfrfpV1fVD671RMt7gltiU7OddeqCg/m=el_main:0:0)
    at Hk (https://translate.googleapis.com/_/translate_http/_/js/k=translate_http.tr.id.dYg8Kd2Ys0c.O/am=BECAAQ/d=1/ed=1/rs=AN8SPfrfpV1fVD671RMt7gltiU7OddeqCg/m=el_main:0:0)
    at Fk (https://translate.googleapis.com/_/translate_http/_/js/k=translate_http.tr.id.dYg8Kd2Ys0c.O/am=BECAAQ/d=1/ed=1/rs=AN8SPfrfpV1fVD671RMt7gltiU7OddeqCg/m=el_main:0:0)
    at Hk (https://translate.googleapis.com/_/translate_http/_/js/k=translate_http.tr.id.dYg8Kd2Ys0c.O/am=BECAAQ/d=1/ed=1/rs=AN8SPfrfpV1fVD671RMt7gltiU7OddeqCg/m=el_main:0:0)
    at Fk (https://translate.googleapis.com/_/translate_http/_/js/k=translate_http.tr.id.dYg8Kd2Ys0c.O/am=BECAAQ/d=1/ed=1/rs=AN8SPfrfpV1fVD671RMt7gltiU7OddeqCg/m=el_main:0:0)
    at Hk (https://translate.googleapis.com/_/translate_http/_/js/k=translate_http.tr.id.dYg8Kd2Ys0c.O/am=BECAAQ/d=1/ed=1/rs=AN8SPfrfpV1fVD671RMt7gltiU7OddeqCg/m=el_main:0:0)
    at Fk (https://translate.googleapis.com/_/translate_http/_/js/k=translate_http.tr.id.dYg8Kd2Ys0c.O/am=BECAAQ/d=1/ed=1/rs=AN8SPfrfpV1fVD671RMt7gltiU7OddeqCg/m=el_main:0:0)
    at Hk (https://translate.googleapis.com/_/translate_http/_/js/k=translate_http.tr.id.dYg8Kd2Ys0c.O/am=BECAAQ/d=1/ed=1/rs=AN8SPfrfpV1fVD671RMt7gltiU7OddeqCg/m=el_main:0:0)
    at Fk (https://translate.googleapis.com/_/translate_http/_/js/k=translate_http.tr.id.dYg8Kd2Ys0c.O/am=BECAAQ/d=1/ed=1/rs=AN8SPfrfpV1fVD671RMt7gltiU7OddeqCg/m=el_main:0:0)
    at Hk (https://translate.googleapis.com/_/translate_http/_/js/k=translate_http.tr.id.dYg8Kd2Ys0c.O/am=BECAAQ/d=1/ed=1/rs=AN8SPfrfpV1fVD671RMt7gltiU7OddeqCg/m=el_main:0:0)
    at Fk (https://translate.googleapis.com/_/translate_http/_/js/k=translate_http.tr.id.dYg8Kd2Ys0c.O/am=BECAAQ/d=1/ed=1/rs=AN8SPfrfpV1fVD671RMt7gltiU7OddeqCg/m=el_main:0:0)
    at Hk (https://translate.googleapis.com/_/translate_http/_/js/k=translate_http.tr.id.dYg8Kd2Ys0c.O/am=BECAAQ/d=1/ed=1/rs=AN8SPfrfpV1fVD671RMt7gltiU7OddeqCg/m=el_main:0:0)
    at Fk (https://translate.googleapis.com/_/translate_http/_/js/k=translate_http.tr.id.dYg8Kd2Ys0c.O/am=BECAAQ/d=1/ed=1/rs=AN8SPfrfpV1fVD671RMt7gltiU7OddeqCg/m=el_main:0:0)
    at Hk (https://translate.googleapis.com/_/translate_http/_/js/k=translate_http.tr.id.dYg8Kd2Ys0c.O/am=BECAAQ/d=1/ed=1/rs=AN8SPfrfpV1fVD671RMt7gltiU7OddeqCg/m=el_main:0:0)
    at Fk (https://translate.googleapis.com/_/translate_http/_/js/k=translate_http.tr.id.dYg8Kd2Ys0c.O/am=BECAAQ/d=1/ed=1/rs=AN8SPfrfpV1fVD671RMt7gltiU7OddeqCg/m=el_main:0:0)
    at Hk (https://translate.googleapis.com/_/translate_http/_/js/k=translate_http.tr.id.dYg8Kd2Ys0c.O/am=BECAAQ/d=1/ed=1/rs=AN8SPfrfpV1fVD671RMt7gltiU7OddeqCg/m=el_main:0:0)
    at Fk (https://translate.googleapis.com/_/translate_http/_/js/k=translate_http.tr.id.dYg8Kd2Ys0c.O/am=BECAAQ/d=1/ed=1/rs=AN8SPfrfpV1fVD671RMt7gltiU7OddeqCg/m=el_main:0:0)
    at Hk (https://translate.googleapis.com/_/translate_http/_/js/k=translate_http.tr.id.dYg8Kd2Ys0c.O/am=BECAAQ/d=1/ed=1/rs=AN8SPfrfpV1fVD671RMt7gltiU7OddeqCg/m=el_main:0:0)
    at Fk (https://translate.googleapis.com/_/translate_http/_/js/k=translate_http.tr.id.dYg8Kd2Ys0c.O/am=BECAAQ/d=1/ed=1/rs=AN8SPfrfpV1fVD671RMt7gltiU7OddeqCg/m=el_main:0:0)
    at Hk (https://translate.googleapis.com/_/translate_http/_/js/k=translate_http.tr.id.dYg8Kd2Ys0c.O/am=BECAAQ/d=1/ed=1/rs=AN8SPfrfpV1fVD671RMt7gltiU7OddeqCg/m=el_main:0:0)
    at Fk (https://translate.googleapis.com/_/translate_http/_/js/k=translate_http.tr.id.dYg8Kd2Ys0c.O/am=BECAAQ/d=1/ed=1/rs=AN8SPfrfpV1fVD671RMt7gltiU7OddeqCg/m=el_main:0:0)
    at Hk (https://translate.googleapis.com/_/translate_http/_/js/k=translate_http.tr.id.dYg8Kd2Ys0c.O/am=BECAAQ/d=1/ed=1/rs=AN8SPfrfpV1fVD671RMt7gltiU7OddeqCg/m=el_main:0:0)
    at Fk (https://translate.googleapis.com/_/translate_http/_/js/k=translate_http.tr.id.dYg8Kd2Ys0c.O/am=BECAAQ/d=1/ed=1/rs=AN8SPfrfpV1fVD671RMt7gltiU7OddeqCg/m=el_main:0:0)
    at Hk (https://translate.googleapis.com/_/translate_http/_/js/k=translate_http.tr.id.dYg8Kd2Ys0c.O/am=BECAAQ/d=1/ed=1/rs=AN8SPfrfpV1fVD671RMt7gltiU7OddeqCg/m=el_main:0:0)
    at Fk (https://translate.googleapis.com/_/translate_http/_/js/k=translate_http.tr.id.dYg8Kd2Ys0c.O/am=BECAAQ/d=1/ed=1/rs=AN8SPfrfpV1fVD671RMt7gltiU7OddeqCg/m=el_main:0:0)
    at Hk (https://translate.googleapis.com/_/translate_http/_/js/k=translate_http.tr.id.dYg8Kd2Ys0c.O/am=BECAAQ/d=1/ed=1/rs=AN8SPfrfpV1fVD671RMt7gltiU7OddeqCg/m=el_main:0:0)
    at Fk (https://translate.googleapis.com/_/translate_http/_/js/k=translate_http.tr.id.dYg8Kd2Ys0c.O/am=BECAAQ/d=1/ed=1/rs=AN8SPfrfpV1fVD671RMt7gltiU7OddeqCg/m=el_main:0:0)
    at Hk (https://translate.googleapis.com/_/translate_http/_/js/k=translate_http.tr.id.dYg8Kd2Ys0c.O/am=BECAAQ/d=1/ed=1/rs=AN8SPfrfpV1fVD671RMt7gltiU7OddeqCg/m=el_main:0:0)
    at Fk (https://translate.googleapis.com/_/translate_http/_/js/k=translate_http.tr.id.dYg8Kd2Ys0c.O/am=BECAAQ/d=1/ed=1/rs=AN8SPfrfpV1fVD671RMt7gltiU7OddeqCg/m=el_main:0:0)
    at Hk (https://translate.googleapis.com/_/translate_http/_/js/k=translate_http.tr.id.dYg8Kd2Ys0c.O/am=BECAAQ/d=1/ed=1/rs=AN8SPfrfpV1fVD671RMt7gltiU7OddeqCg/m=el_main:0:0)
    at Fk (https://translate.googleapis.com/_/translate_http/_/js/k=translate_http.tr.id.dYg8Kd2Ys0c.O/am=BECAAQ/d=1/ed=1/rs=AN8SPfrfpV1fVD671RMt7gltiU7OddeqCg/m=el_main:0:0)
    at Hk (https://translate.googleapis.com/_/translate_http/_/js/k=translate_http.tr.id.dYg8Kd2Ys0c.O/am=BECAAQ/d=1/ed=1/rs=AN8SPfrfpV1fVD671RMt7gltiU7OddeqCg/m=el_main:0:0)
    at Fk (https://translate.googleapis.com/_/translate_http/_/js/k=translate_http.tr.id.dYg8Kd2Ys0c.O/am=BECAAQ/d=1/ed=1/rs=AN8SPfrfpV1fVD671RMt7gltiU7OddeqCg/m=el_main:0:0)
    at Hk (https://translate.googleapis.com/_/translate_http/_/js/k=translate_http.tr.id.dYg8Kd2Ys0c.O/am=BECAAQ/d=1/ed=1/rs=AN8SPfrfpV1fVD671RMt7gltiU7OddeqCg/m=el_main:0:0)
    at Fk (https://translate.googleapis.com/_/translate_http/_/js/k=translate_http.tr.id.dYg8Kd2Ys0c.O/am=BECAAQ/d=1/ed=1/rs=AN8SPfrfpV1fVD671RMt7gltiU7OddeqCg/m=el_main:0:0)
    at Hk (https://translate.googleapis.com/_/translate_http/_/js/k=translate_http.tr.id.dYg8Kd2Ys0c.O/am=BECAAQ/d=1/ed=1/rs=AN8SPfrfpV1fVD671RMt7gltiU7OddeqCg/m=el_main:0:0)
    at Fk (https://translate.googleapis.com/_/translate_http/_/js/k=translate_http.tr.id.dYg8Kd2Ys0c.O/am=BECAAQ/d=1/ed=1/rs=AN8SPfrfpV1fVD671RMt7gltiU7OddeqCg/m=el_main:0:0)
    at Hk (https://translate.googleapis.com/_/translate_http/_/js/k=translate_http.tr.id.dYg8Kd2Ys0c.O/am=BECAAQ/d=1/ed=1/rs=AN8SPfrfpV1fVD671RMt7gltiU7OddeqCg/m=el_main:0:0)
    at Fk (https://translate.googleapis.com/_/translate_http/_/js/k=translate_http.tr.id.dYg8Kd2Ys0c.O/am=BECAAQ/d=1/ed=1/rs=AN8SPfrfpV1fVD671RMt7gltiU7OddeqCg/m=el_main:0:0)
    at Hk (https://translate.googleapis.com/_/translate_http/_/js/k=translate_http.tr.id.dYg8Kd2Ys0c.O/am=BECAAQ/d=1/ed=1/rs=AN8SPfrfpV1fVD671RMt7gltiU7OddeqCg/m=el_main:0:0)
    at Fk (https://translate.googleapis.com/_/translate_http/_/js/k=translate_http.tr.id.dYg8Kd2Ys0c.O/am=BECAAQ/d=1/ed=1/rs=AN8SPfrfpV1fVD671RMt7gltiU7OddeqCg/m=el_main:0:0)
    at Hk (https://translate.googleapis.com/_/translate_http/_/js/k=translate_http.tr.id.dYg8Kd2Ys0c.O/am=BECAAQ/d=1/ed=1/rs=AN8SPfrfpV1fVD671RMt7gltiU7OddeqCg/m=el_main:0:0)
    at Fk (https://translate.googleapis.com/_/translate_http/_/js/k=translate_http.tr.id.dYg8Kd2Ys0c.O/am=BECAAQ/d=1/ed=1/rs=AN8SPfrfpV1fVD671RMt7gltiU7OddeqCg/m=el_main:0:0)
    at Hk (https://translate.googleapis.com/_/translate_http/_/js/k=translate_http.tr.id.dYg8Kd2Ys0c.O/am=BECAAQ/d=1/ed=1/rs=AN8SPfrfpV1fVD671RMt7gltiU7OddeqCg/m=el_main:0:0)
    at Fk (https://translate.googleapis.com/_/translate_http/_/js/k=translate_http.tr.id.dYg8Kd2Ys0c.O/am=BECAAQ/d=1/ed=1/rs=AN8SPfrfpV1fVD671RMt7gltiU7OddeqCg/m=el_main:0:0)
    at Hk (https://translate.googleapis.com/_/translate_http/_/js/k=translate_http.tr.id.dYg8Kd2Ys0c.O/am=BECAAQ/d=1/ed=1/rs=AN8SPfrfpV1fVD671RMt7gltiU7OddeqCg/m=el_main:0:0)
    at Fk (https://translate.googleapis.com/_/translate_http/_/js/k=translate_http.tr.id.dYg8Kd2Ys0c.O/am=BECAAQ/d=1/ed=1/rs=AN8SPfrfpV1fVD671RMt7gltiU7OddeqCg/m=el_main:0:0)
    at Hk (https://translate.googleapis.com/_/translate_http/_/js/k=translate_http.tr.id.dYg8Kd2Ys0c.O/am=BECAAQ/d=1/ed=1/rs=AN8SPfrfpV1fVD671RMt7gltiU7OddeqCg/m=el_main:0:0)
    at Fk (https://translate.googleapis.com/_/translate_http/_/js/k=translate_http.tr.id.dYg8Kd2Ys0c.O/am=BECAAQ/d=1/ed=1/rs=AN8SPfrfpV1fVD671RMt7gltiU7OddeqCg/m=el_main:0:0)
    at Hk (https://translate.googleapis.com/_/translate_http/_/js/k=translate_http.tr.id.dYg8Kd2Ys0c.O/am=BECAAQ/d=1/ed=1/rs=AN8SPfrfpV1fVD671RMt7gltiU7OddeqCg/m=el_main:0:0)
    at Fk (https://translate.googleapis.com/_/translate_http/_/js/k=translate_http.tr.id.dYg8Kd2Ys0c.O/am=BECAAQ/d=1/ed=1/rs=AN8SPfrfpV1fVD671RMt7gltiU7OddeqCg/m=el_main:0:0)
    at Hk (https://translate.googleapis.com/_/translate_http/_/js/k=translate_http.tr.id.dYg8Kd2Ys0c.O/am=BECAAQ/d=1/ed=1/rs=AN8SPfrfpV1fVD671RMt7gltiU7OddeqCg/m=el_main:0:0)
    at Fk (https://translate.googleapis.com/_/translate_http/_/js/k=translate_http.tr.id.dYg8Kd2Ys0c.O/am=BECAAQ/d=1/ed=1/rs=AN8SPfrfpV1fVD671RMt7gltiU7OddeqCg/m=el_main:0:0)
    at Hk (https://translate.googleapis.com/_/translate_http/_/js/k=translate_http.tr.id.dYg8Kd2Ys0c.O/am=BECAAQ/d=1/ed=1/rs=AN8SPfrfpV1fVD671RMt7gltiU7OddeqCg/m=el_main:0:0)
    at Fk (https://translate.googleapis.com/_/translate_http/_/js/k=translate_http.tr.id.dYg8Kd2Ys0c.O/am=BECAAQ/d=1/ed=1/rs=AN8SPfrfpV1fVD671RMt7gltiU7OddeqCg/m=el_main:0:0)
    at Hk (https://translate.googleapis.com/_/translate_http/_/js/k=translate_http.tr.id.dYg8Kd2Ys0c.O/am=BECAAQ/d=1/ed=1/rs=AN8SPfrfpV1fVD671RMt7gltiU7OddeqCg/m=el_main:0:0)
    at Fk (https://translate.googleapis.com/_/translate_http/_/js/k=translate_http.tr.id.dYg8Kd2Ys0c.O/am=BECAAQ/d=1/ed=1/rs=AN8SPfrfpV1fVD671RMt7gltiU7OddeqCg/m=el_main:0:0)
    at Hk (https://translate.googleapis.com/_/translate_http/_/js/k=translate_http.tr.id.dYg8Kd2Ys0c.O/am=BECAAQ/d=1/ed=1/rs=AN8SPfrfpV1fVD671RMt7gltiU7OddeqCg/m=el_main:0:0)
    at Fk (https://translate.googleapis.com/_/translate_http/_/js/k=translate_http.tr.id.dYg8Kd2Ys0c.O/am=BECAAQ/d=1/ed=1/rs=AN8SPfrfpV1fVD671RMt7gltiU7OddeqCg/m=el_main:0:0)
    at Hk (https://translate.googleapis.com/_/translate_http/_/js/k=translate_http.tr.id.dYg8Kd2Ys0c.O/am=BECAAQ/d=1/ed=1/rs=AN8SPfrfpV1fVD671RMt7gltiU7OddeqCg/m=el_main:0:0)
    at Fk (https://translate.googleapis.com/_/translate_http/_/js/k=translate_http.tr.id.dYg8Kd2Ys0c.O/am=BECAAQ/d=1/ed=1/rs=AN8SPfrfpV1fVD671RMt7gltiU7OddeqCg/m=el_main:0:0)
    at Hk (https://translate.googleapis.com/_/translate_http/_/js/k=translate_http.tr.id.dYg8Kd2Ys0c.O/am=BECAAQ/d=1/ed=1/rs=AN8SPfrfpV1fVD671RMt7gltiU7OddeqCg/m=el_main:0:0)
    at Fk (https://translate.googleapis.com/_/translate_http/_/js/k=translate_http.tr.id.dYg8Kd2Ys0c.O/am=BECAAQ/d=1/ed=1/rs=AN8SPfrfpV1fVD671RMt7gltiU7OddeqCg/m=el_main:0:0)
    at Hk (https://translate.googleapis.com/_/translate_http/_/js/k=translate_http.tr.id.dYg8Kd2Ys0c.O/am=BECAAQ/d=1/ed=1/rs=AN8SPfrfpV1fVD671RMt7gltiU7OddeqCg/m=el_main:0:0)
    at Fk (https://translate.googleapis.com/_/translate_http/_/js/k=translate_http.tr.id.dYg8Kd2Ys0c.O/am=BECAAQ/d=1/ed=1/rs=AN8SPfrfpV1fVD671RMt7gltiU7OddeqCg/m=el_main:0:0)
    at Hk (https://translate.googleapis.com/_/translate_http/_/js/k=translate_http.tr.id.dYg8Kd2Ys0c.O/am=BECAAQ/d=1/ed=1/rs=AN8SPfrfpV1fVD671RMt7gltiU7OddeqCg/m=el_main:0:0)
    at Fk (https://translate.googleapis.com/_/translate_http/_/js/k=translate_http.tr.id.dYg8Kd2Ys0c.O/am=BECAAQ/d=1/ed=1/rs=AN8SPfrfpV1fVD671RMt7gltiU7OddeqCg/m=el_main:0:0)
    at Hk (https://translate.googleapis.com/_/translate_http/_/js/k=translate_http.tr.id.dYg8Kd2Ys0c.O/am=BECAAQ/d=1/ed=1/rs=AN8SPfrfpV1fVD671RMt7gltiU7OddeqCg/m=el_main:0:0)
    at Fk (https://translate.googleapis.com/_/translate_http/_/js/k=translate_http.tr.id.dYg8Kd2Ys0c.O/am=BECAAQ/d=1/ed=1/rs=AN8SPfrfpV1fVD671RMt7gltiU7OddeqCg/m=el_main:0:0)
    at Hk (https://translate.googleapis.com/_/translate_http/_/js/k=translate_http.tr.id.dYg8Kd2Ys0c.O/am=BECAAQ/d=1/ed=1/rs=AN8SPfrfpV1fVD671RMt7gltiU7OddeqCg/m=el_main:0:0)
    at Fk (https://translate.googleapis.com/_/translate_http/_/js/k=translate_http.tr.id.dYg8Kd2Ys0c.O/am=BECAAQ/d=1/ed=1/rs=AN8SPfrfpV1fVD671RMt7gltiU7OddeqCg/m=el_main:0:0)
    at Hk (https://translate.googleapis.com/_/translate_http/_/js/k=translate_http.tr.id.dYg8Kd2Ys0c.O/am=BECAAQ/d=1/ed=1/rs=AN8SPfrfpV1fVD671RMt7gltiU7OddeqCg/m=el_main:0:0)
    at Fk (https://translate.googleapis.com/_/translate_http/_/js/k=translate_http.tr.id.dYg8Kd2Ys0c.O/am=BECAAQ/d=1/ed=1/rs=AN8SPfrfpV1fVD671RMt7gltiU7OddeqCg/m=el_main:0:0)
    at Hk (https://translate.googleapis.com/_/translate_http/_/js/k=translate_http.tr.id.dYg8Kd2Ys0c.O/am=BECAAQ/d=1/ed=1/rs=AN8SPfrfpV1fVD671RMt7gltiU7OddeqCg/m=el_main:0:0)
    at Fk (https://translate.googleapis.com/_/translate_http/_/js/k=translate_http.tr.id.dYg8Kd2Ys0c.O/am=BECAAQ/d=1/ed=1/rs=AN8SPfrfpV1fVD671RMt7gltiU7OddeqCg/m=el_main:0:0)
    at Hk (https://translate.googleapis.com/_/translate_http/_/js/k=translate_http.tr.id.dYg8Kd2Ys0c.O/am=BECAAQ/d=1/ed=1/rs=AN8SPfrfpV1fVD671RMt7gltiU7OddeqCg/m=el_main:0:0)
    at Fk (https://translate.googleapis.com/_/translate_http/_/js/k=translate_http.tr.id.dYg8Kd2Ys0c.O/am=BECAAQ/d=1/ed=1/rs=AN8SPfrfpV1fVD671RMt7gltiU7OddeqCg/m=el_main:0:0)
[  600830ms] Uncaught RangeError: Maximum call stack size exceeded
    at _.ii (https://translate.googleapis.com/_/translate_http/_/js/k=translate_http.tr.id.dYg8Kd2Ys0c.O/am=BECAAQ/d=1/ed=1/rs=AN8SPfrfpV1fVD671RMt7gltiU7OddeqCg/m=el_main:183:114)
    at <anonymous> (https://translate.googleapis.com/_/translate_http/_/js/k=translate_http.tr.id.dYg8Kd2Ys0c.O/am=BECAAQ/d=1/ed=1/rs=AN8SPfrfpV1fVD671RMt7gltiU7OddeqCg/m=el_main:0:0)
    at _.si (https://translate.googleapis.com/_/translate_http/_/js/k=translate_http.tr.id.dYg8Kd2Ys0c.O/am=BECAAQ/d=1/ed=1/rs=AN8SPfrfpV1fVD671RMt7gltiU7OddeqCg/m=el_main:193:247)
    at _.ti (https://translate.googleapis.com/_/translate_http/_/js/k=translate_http.tr.id.dYg8Kd2Ys0c.O/am=BECAAQ/d=1/ed=1/rs=AN8SPfrfpV1fVD671RMt7gltiU7OddeqCg/m=el_main:0:0)
    at _.Ti (https://translate.googleapis.com/_/translate_http/_/js/k=translate_http.tr.id.dYg8Kd2Ys0c.O/am=BECAAQ/d=1/ed=1/rs=AN8SPfrfpV1fVD671RMt7gltiU7OddeqCg/m=el_main:194:86)
    at Hk (https://translate.googleapis.com/_/translate_http/_/js/k=translate_http.tr.id.dYg8Kd2Ys0c.O/am=BECAAQ/d=1/ed=1/rs=AN8SPfrfpV1fVD671RMt7gltiU7OddeqCg/m=el_main:0:0)
    at Fk (https://translate.googleapis.com/_/translate_http/_/js/k=translate_http.tr.id.dYg8Kd2Ys0c.O/am=BECAAQ/d=1/ed=1/rs=AN8SPfrfpV1fVD671RMt7gltiU7OddeqCg/m=el_main:0:0)
    at Hk (https://translate.googleapis.com/_/translate_http/_/js/k=translate_http.tr.id.dYg8Kd2Ys0c.O/am=BECAAQ/d=1/ed=1/rs=AN8SPfrfpV1fVD671RMt7gltiU7OddeqCg/m=el_main:0:0)
    at Fk (https://translate.googleapis.com/_/translate_http/_/js/k=translate_http.tr.id.dYg8Kd2Ys0c.O/am=BECAAQ/d=1/ed=1/rs=AN8SPfrfpV1fVD671RMt7gltiU7OddeqCg/m=el_main:0:0)
    at Hk (https://translate.googleapis.com/_/translate_http/_/js/k=translate_http.tr.id.dYg8Kd2Ys0c.O/am=BECAAQ/d=1/ed=1/rs=AN8SPfrfpV1fVD671RMt7gltiU7OddeqCg/m=el_main:0:0)
    at Fk (https://translate.googleapis.com/_/translate_http/_/js/k=translate_http.tr.id.dYg8Kd2Ys0c.O/am=BECAAQ/d=1/ed=1/rs=AN8SPfrfpV1fVD671RMt7gltiU7OddeqCg/m=el_main:0:0)
    at Hk (https://translate.googleapis.com/_/translate_http/_/js/k=translate_http.tr.id.dYg8Kd2Ys0c.O/am=BECAAQ/d=1/ed=1/rs=AN8SPfrfpV1fVD671RMt7gltiU7OddeqCg/m=el_main:0:0)
    at Fk (https://translate.googleapis.com/_/translate_http/_/js/k=translate_http.tr.id.dYg8Kd2Ys0c.O/am=BECAAQ/d=1/ed=1/rs=AN8SPfrfpV1fVD671RMt7gltiU7OddeqCg/m=el_main:0:0)
    at Hk (https://translate.googleapis.com/_/translate_http/_/js/k=translate_http.tr.id.dYg8Kd2Ys0c.O/am=BECAAQ/d=1/ed=1/rs=AN8SPfrfpV1fVD671RMt7gltiU7OddeqCg/m=el_main:0:0)
    at Fk (https://translate.googleapis.com/_/translate_http/_/js/k=translate_http.tr.id.dYg8Kd2Ys0c.O/am=BECAAQ/d=1/ed=1/rs=AN8SPfrfpV1fVD671RMt7gltiU7OddeqCg/m=el_main:0:0)
    at Hk (https://translate.googleapis.com/_/translate_http/_/js/k=translate_http.tr.id.dYg8Kd2Ys0c.O/am=BECAAQ/d=1/ed=1/rs=AN8SPfrfpV1fVD671RMt7gltiU7OddeqCg/m=el_main:0:0)
    at Fk (https://translate.googleapis.com/_/translate_http/_/js/k=translate_http.tr.id.dYg8Kd2Ys0c.O/am=BECAAQ/d=1/ed=1/rs=AN8SPfrfpV1fVD671RMt7gltiU7OddeqCg/m=el_main:0:0)
    at Hk (https://translate.googleapis.com/_/translate_http/_/js/k=translate_http.tr.id.dYg8Kd2Ys0c.O/am=BECAAQ/d=1/ed=1/rs=AN8SPfrfpV1fVD671RMt7gltiU7OddeqCg/m=el_main:0:0)
    at Fk (https://translate.googleapis.com/_/translate_http/_/js/k=translate_http.tr.id.dYg8Kd2Ys0c.O/am=BECAAQ/d=1/ed=1/rs=AN8SPfrfpV1fVD671RMt7gltiU7OddeqCg/m=el_main:0:0)
    at Hk (https://translate.googleapis.com/_/translate_http/_/js/k=translate_http.tr.id.dYg8Kd2Ys0c.O/am=BECAAQ/d=1/ed=1/rs=AN8SPfrfpV1fVD671RMt7gltiU7OddeqCg/m=el_main:0:0)
    at Fk (https://translate.googleapis.com/_/translate_http/_/js/k=translate_http.tr.id.dYg8Kd2Ys0c.O/am=BECAAQ/d=1/ed=1/rs=AN8SPfrfpV1fVD671RMt7gltiU7OddeqCg/m=el_main:0:0)
    at Hk (https://translate.googleapis.com/_/translate_http/_/js/k=translate_http.tr.id.dYg8Kd2Ys0c.O/am=BECAAQ/d=1/ed=1/rs=AN8SPfrfpV1fVD671RMt7gltiU7OddeqCg/m=el_main:0:0)
    at Fk (https://translate.googleapis.com/_/translate_http/_/js/k=translate_http.tr.id.dYg8Kd2Ys0c.O/am=BECAAQ/d=1/ed=1/rs=AN8SPfrfpV1fVD671RMt7gltiU7OddeqCg/m=el_main:0:0)
    at Hk (https://translate.googleapis.com/_/translate_http/_/js/k=translate_http.tr.id.dYg8Kd2Ys0c.O/am=BECAAQ/d=1/ed=1/rs=AN8SPfrfpV1fVD671RMt7gltiU7OddeqCg/m=el_main:0:0)
    at Fk (https://translate.googleapis.com/_/translate_http/_/js/k=translate_http.tr.id.dYg8Kd2Ys0c.O/am=BECAAQ/d=1/ed=1/rs=AN8SPfrfpV1fVD671RMt7gltiU7OddeqCg/m=el_main:0:0)
    at Hk (https://translate.googleapis.com/_/translate_http/_/js/k=translate_http.tr.id.dYg8Kd2Ys0c.O/am=BECAAQ/d=1/ed=1/rs=AN8SPfrfpV1fVD671RMt7gltiU7OddeqCg/m=el_main:0:0)
    at Fk (https://translate.googleapis.com/_/translate_http/_/js/k=translate_http.tr.id.dYg8Kd2Ys0c.O/am=BECAAQ/d=1/ed=1/rs=AN8SPfrfpV1fVD671RMt7gltiU7OddeqCg/m=el_main:0:0)
    at Hk (https://translate.googleapis.com/_/translate_http/_/js/k=translate_http.tr.id.dYg8Kd2Ys0c.O/am=BECAAQ/d=1/ed=1/rs=AN8SPfrfpV1fVD671RMt7gltiU7OddeqCg/m=el_main:0:0)
    at Fk (https://translate.googleapis.com/_/translate_http/_/js/k=translate_http.tr.id.dYg8Kd2Ys0c.O/am=BECAAQ/d=1/ed=1/rs=AN8SPfrfpV1fVD671RMt7gltiU7OddeqCg/m=el_main:0:0)
    at Hk (https://translate.googleapis.com/_/translate_http/_/js/k=translate_http.tr.id.dYg8Kd2Ys0c.O/am=BECAAQ/d=1/ed=1/rs=AN8SPfrfpV1fVD671RMt7gltiU7OddeqCg/m=el_main:0:0)
    at Fk (https://translate.googleapis.com/_/translate_http/_/js/k=translate_http.tr.id.dYg8Kd2Ys0c.O/am=BECAAQ/d=1/ed=1/rs=AN8SPfrfpV1fVD671RMt7gltiU7OddeqCg/m=el_main:0:0)
    at Hk (https://translate.googleapis.com/_/translate_http/_/js/k=translate_http.tr.id.dYg8Kd2Ys0c.O/am=BECAAQ/d=1/ed=1/rs=AN8SPfrfpV1fVD671RMt7gltiU7OddeqCg/m=el_main:0:0)
    at Fk (https://translate.googleapis.com/_/translate_http/_/js/k=translate_http.tr.id.dYg8Kd2Ys0c.O/am=BECAAQ/d=1/ed=1/rs=AN8SPfrfpV1fVD671RMt7gltiU7OddeqCg/m=el_main:0:0)
    at Hk (https://translate.googleapis.com/_/translate_http/_/js/k=translate_http.tr.id.dYg8Kd2Ys0c.O/am=BECAAQ/d=1/ed=1/rs=AN8SPfrfpV1fVD671RMt7gltiU7OddeqCg/m=el_main:0:0)
    at Fk (https://translate.googleapis.com/_/translate_http/_/js/k=translate_http.tr.id.dYg8Kd2Ys0c.O/am=BECAAQ/d=1/ed=1/rs=AN8SPfrfpV1fVD671RMt7gltiU7OddeqCg/m=el_main:0:0)
    at Hk (https://translate.googleapis.com/_/translate_http/_/js/k=translate_http.tr.id.dYg8Kd2Ys0c.O/am=BECAAQ/d=1/ed=1/rs=AN8SPfrfpV1fVD671RMt7gltiU7OddeqCg/m=el_main:0:0)
    at Fk (https://translate.googleapis.com/_/translate_http/_/js/k=translate_http.tr.id.dYg8Kd2Ys0c.O/am=BECAAQ/d=1/ed=1/rs=AN8SPfrfpV1fVD671RMt7gltiU7OddeqCg/m=el_main:0:0)
    at Hk (https://translate.googleapis.com/_/translate_http/_/js/k=translate_http.tr.id.dYg8Kd2Ys0c.O/am=BECAAQ/d=1/ed=1/rs=AN8SPfrfpV1fVD671RMt7gltiU7OddeqCg/m=el_main:0:0)
    at Fk (https://translate.googleapis.com/_/translate_http/_/js/k=translate_http.tr.id.dYg8Kd2Ys0c.O/am=BECAAQ/d=1/ed=1/rs=AN8SPfrfpV1fVD671RMt7gltiU7OddeqCg/m=el_main:0:0)
    at Hk (https://translate.googleapis.com/_/translate_http/_/js/k=translate_http.tr.id.dYg8Kd2Ys0c.O/am=BECAAQ/d=1/ed=1/rs=AN8SPfrfpV1fVD671RMt7gltiU7OddeqCg/m=el_main:0:0)
    at Fk (https://translate.googleapis.com/_/translate_http/_/js/k=translate_http.tr.id.dYg8Kd2Ys0c.O/am=BECAAQ/d=1/ed=1/rs=AN8SPfrfpV1fVD671RMt7gltiU7OddeqCg/m=el_main:0:0)
    at Hk (https://translate.googleapis.com/_/translate_http/_/js/k=translate_http.tr.id.dYg8Kd2Ys0c.O/am=BECAAQ/d=1/ed=1/rs=AN8SPfrfpV1fVD671RMt7gltiU7OddeqCg/m=el_main:0:0)
    at Fk (https://translate.googleapis.com/_/translate_http/_/js/k=translate_http.tr.id.dYg8Kd2Ys0c.O/am=BECAAQ/d=1/ed=1/rs=AN8SPfrfpV1fVD671RMt7gltiU7OddeqCg/m=el_main:0:0)
    at Hk (https://translate.googleapis.com/_/translate_http/_/js/k=translate_http.tr.id.dYg8Kd2Ys0c.O/am=BECAAQ/d=1/ed=1/rs=AN8SPfrfpV1fVD671RMt7gltiU7OddeqCg/m=el_main:0:0)
    at Fk (https://translate.googleapis.com/_/translate_http/_/js/k=translate_http.tr.id.dYg8Kd2Ys0c.O/am=BECAAQ/d=1/ed=1/rs=AN8SPfrfpV1fVD671RMt7gltiU7OddeqCg/m=el_main:0:0)
    at Hk (https://translate.googleapis.com/_/translate_http/_/js/k=translate_http.tr.id.dYg8Kd2Ys0c.O/am=BECAAQ/d=1/ed=1/rs=AN8SPfrfpV1fVD671RMt7gltiU7OddeqCg/m=el_main:0:0)
    at Fk (https://translate.googleapis.com/_/translate_http/_/js/k=translate_http.tr.id.dYg8Kd2Ys0c.O/am=BECAAQ/d=1/ed=1/rs=AN8SPfrfpV1fVD671RMt7gltiU7OddeqCg/m=el_main:0:0)
    at Hk (https://translate.googleapis.com/_/translate_http/_/js/k=translate_http.tr.id.dYg8Kd2Ys0c.O/am=BECAAQ/d=1/ed=1/rs=AN8SPfrfpV1fVD671RMt7gltiU7OddeqCg/m=el_main:0:0)
    at Fk (https://translate.googleapis.com/_/translate_http/_/js/k=translate_http.tr.id.dYg8Kd2Ys0c.O/am=BECAAQ/d=1/ed=1/rs=AN8SPfrfpV1fVD671RMt7gltiU7OddeqCg/m=el_main:0:0)
    at Hk (https://translate.googleapis.com/_/translate_http/_/js/k=translate_http.tr.id.dYg8Kd2Ys0c.O/am=BECAAQ/d=1/ed=1/rs=AN8SPfrfpV1fVD671RMt7gltiU7OddeqCg/m=el_main:0:0)
    at Fk (https://translate.googleapis.com/_/translate_http/_/js/k=translate_http.tr.id.dYg8Kd2Ys0c.O/am=BECAAQ/d=1/ed=1/rs=AN8SPfrfpV1fVD671RMt7gltiU7OddeqCg/m=el_main:0:0)
    at Hk (https://translate.googleapis.com/_/translate_http/_/js/k=translate_http.tr.id.dYg8Kd2Ys0c.O/am=BECAAQ/d=1/ed=1/rs=AN8SPfrfpV1fVD671RMt7gltiU7OddeqCg/m=el_main:0:0)
    at Fk (https://translate.googleapis.com/_/translate_http/_/js/k=translate_http.tr.id.dYg8Kd2Ys0c.O/am=BECAAQ/d=1/ed=1/rs=AN8SPfrfpV1fVD671RMt7gltiU7OddeqCg/m=el_main:0:0)
    at Hk (https://translate.googleapis.com/_/translate_http/_/js/k=translate_http.tr.id.dYg8Kd2Ys0c.O/am=BECAAQ/d=1/ed=1/rs=AN8SPfrfpV1fVD671RMt7gltiU7OddeqCg/m=el_main:0:0)
    at Fk (https://translate.googleapis.com/_/translate_http/_/js/k=translate_http.tr.id.dYg8Kd2Ys0c.O/am=BECAAQ/d=1/ed=1/rs=AN8SPfrfpV1fVD671RMt7gltiU7OddeqCg/m=el_main:0:0)
    at Hk (https://translate.googleapis.com/_/translate_http/_/js/k=translate_http.tr.id.dYg8Kd2Ys0c.O/am=BECAAQ/d=1/ed=1/rs=AN8SPfrfpV1fVD671RMt7gltiU7OddeqCg/m=el_main:0:0)
    at Fk (https://translate.googleapis.com/_/translate_http/_/js/k=translate_http.tr.id.dYg8Kd2Ys0c.O/am=BECAAQ/d=1/ed=1/rs=AN8SPfrfpV1fVD671RMt7gltiU7OddeqCg/m=el_main:0:0)
    at Hk (https://translate.googleapis.com/_/translate_http/_/js/k=translate_http.tr.id.dYg8Kd2Ys0c.O/am=BECAAQ/d=1/ed=1/rs=AN8SPfrfpV1fVD671RMt7gltiU7OddeqCg/m=el_main:0:0)
    at Fk (https://translate.googleapis.com/_/translate_http/_/js/k=translate_http.tr.id.dYg8Kd2Ys0c.O/am=BECAAQ/d=1/ed=1/rs=AN8SPfrfpV1fVD671RMt7gltiU7OddeqCg/m=el_main:0:0)
    at Hk (https://translate.googleapis.com/_/translate_http/_/js/k=translate_http.tr.id.dYg8Kd2Ys0c.O/am=BECAAQ/d=1/ed=1/rs=AN8SPfrfpV1fVD671RMt7gltiU7OddeqCg/m=el_main:0:0)
    at Fk (https://translate.googleapis.com/_/translate_http/_/js/k=translate_http.tr.id.dYg8Kd2Ys0c.O/am=BECAAQ/d=1/ed=1/rs=AN8SPfrfpV1fVD671RMt7gltiU7OddeqCg/m=el_main:0:0)
    at Hk (https://translate.googleapis.com/_/translate_http/_/js/k=translate_http.tr.id.dYg8Kd2Ys0c.O/am=BECAAQ/d=1/ed=1/rs=AN8SPfrfpV1fVD671RMt7gltiU7OddeqCg/m=el_main:0:0)
    at Fk (https://translate.googleapis.com/_/translate_http/_/js/k=translate_http.tr.id.dYg8Kd2Ys0c.O/am=BECAAQ/d=1/ed=1/rs=AN8SPfrfpV1fVD671RMt7gltiU7OddeqCg/m=el_main:0:0)
    at Hk (https://translate.googleapis.com/_/translate_http/_/js/k=translate_http.tr.id.dYg8Kd2Ys0c.O/am=BECAAQ/d=1/ed=1/rs=AN8SPfrfpV1fVD671RMt7gltiU7OddeqCg/m=el_main:0:0)
    at Fk (https://translate.googleapis.com/_/translate_http/_/js/k=translate_http.tr.id.dYg8Kd2Ys0c.O/am=BECAAQ/d=1/ed=1/rs=AN8SPfrfpV1fVD671RMt7gltiU7OddeqCg/m=el_main:0:0)
    at Hk (https://translate.googleapis.com/_/translate_http/_/js/k=translate_http.tr.id.dYg8Kd2Ys0c.O/am=BECAAQ/d=1/ed=1/rs=AN8SPfrfpV1fVD671RMt7gltiU7OddeqCg/m=el_main:0:0)
    at Fk (https://translate.googleapis.com/_/translate_http/_/js/k=translate_http.tr.id.dYg8Kd2Ys0c.O/am=BECAAQ/d=1/ed=1/rs=AN8SPfrfpV1fVD671RMt7gltiU7OddeqCg/m=el_main:0:0)
    at Hk (https://translate.googleapis.com/_/translate_http/_/js/k=translate_http.tr.id.dYg8Kd2Ys0c.O/am=BECAAQ/d=1/ed=1/rs=AN8SPfrfpV1fVD671RMt7gltiU7OddeqCg/m=el_main:0:0)
    at Fk (https://translate.googleapis.com/_/translate_http/_/js/k=translate_http.tr.id.dYg8Kd2Ys0c.O/am=BECAAQ/d=1/ed=1/rs=AN8SPfrfpV1fVD671RMt7gltiU7OddeqCg/m=el_main:0:0)
    at Hk (https://translate.googleapis.com/_/translate_http/_/js/k=translate_http.tr.id.dYg8Kd2Ys0c.O/am=BECAAQ/d=1/ed=1/rs=AN8SPfrfpV1fVD671RMt7gltiU7OddeqCg/m=el_main:0:0)
    at Fk (https://translate.googleapis.com/_/translate_http/_/js/k=translate_http.tr.id.dYg8Kd2Ys0c.O/am=BECAAQ/d=1/ed=1/rs=AN8SPfrfpV1fVD671RMt7gltiU7OddeqCg/m=el_main:0:0)
    at Hk (https://translate.googleapis.com/_/translate_http/_/js/k=translate_http.tr.id.dYg8Kd2Ys0c.O/am=BECAAQ/d=1/ed=1/rs=AN8SPfrfpV1fVD671RMt7gltiU7OddeqCg/m=el_main:0:0)
    at Fk (https://translate.googleapis.com/_/translate_http/_/js/k=translate_http.tr.id.dYg8Kd2Ys0c.O/am=BECAAQ/d=1/ed=1/rs=AN8SPfrfpV1fVD671RMt7gltiU7OddeqCg/m=el_main:0:0)
    at Hk (https://translate.googleapis.com/_/translate_http/_/js/k=translate_http.tr.id.dYg8Kd2Ys0c.O/am=BECAAQ/d=1/ed=1/rs=AN8SPfrfpV1fVD671RMt7gltiU7OddeqCg/m=el_main:0:0)
    at Fk (https://translate.googleapis.com/_/translate_http/_/js/k=translate_http.tr.id.dYg8Kd2Ys0c.O/am=BECAAQ/d=1/ed=1/rs=AN8SPfrfpV1fVD671RMt7gltiU7OddeqCg/m=el_main:0:0)
    at Hk (https://translate.googleapis.com/_/translate_http/_/js/k=translate_http.tr.id.dYg8Kd2Ys0c.O/am=BECAAQ/d=1/ed=1/rs=AN8SPfrfpV1fVD671RMt7gltiU7OddeqCg/m=el_main:0:0)
    at Fk (https://translate.googleapis.com/_/translate_http/_/js/k=translate_http.tr.id.dYg8Kd2Ys0c.O/am=BECAAQ/d=1/ed=1/rs=AN8SPfrfpV1fVD671RMt7gltiU7OddeqCg/m=el_main:0:0)
    at Hk (https://translate.googleapis.com/_/translate_http/_/js/k=translate_http.tr.id.dYg8Kd2Ys0c.O/am=BECAAQ/d=1/ed=1/rs=AN8SPfrfpV1fVD671RMt7gltiU7OddeqCg/m=el_main:0:0)
    at Fk (https://translate.googleapis.com/_/translate_http/_/js/k=translate_http.tr.id.dYg8Kd2Ys0c.O/am=BECAAQ/d=1/ed=1/rs=AN8SPfrfpV1fVD671RMt7gltiU7OddeqCg/m=el_main:0:0)
    at Hk (https://translate.googleapis.com/_/translate_http/_/js/k=translate_http.tr.id.dYg8Kd2Ys0c.O/am=BECAAQ/d=1/ed=1/rs=AN8SPfrfpV1fVD671RMt7gltiU7OddeqCg/m=el_main:0:0)
    at Fk (https://translate.googleapis.com/_/translate_http/_/js/k=translate_http.tr.id.dYg8Kd2Ys0c.O/am=BECAAQ/d=1/ed=1/rs=AN8SPfrfpV1fVD671RMt7gltiU7OddeqCg/m=el_main:0:0)
    at Hk (https://translate.googleapis.com/_/translate_http/_/js/k=translate_http.tr.id.dYg8Kd2Ys0c.O/am=BECAAQ/d=1/ed=1/rs=AN8SPfrfpV1fVD671RMt7gltiU7OddeqCg/m=el_main:0:0)
    at Fk (https://translate.googleapis.com/_/translate_http/_/js/k=translate_http.tr.id.dYg8Kd2Ys0c.O/am=BECAAQ/d=1/ed=1/rs=AN8SPfrfpV1fVD671RMt7gltiU7OddeqCg/m=el_main:0:0)
    at Hk (https://translate.googleapis.com/_/translate_http/_/js/k=translate_http.tr.id.dYg8Kd2Ys0c.O/am=BECAAQ/d=1/ed=1/rs=AN8SPfrfpV1fVD671RMt7gltiU7OddeqCg/m=el_main:0:0)
    at Fk (https://translate.googleapis.com/_/translate_http/_/js/k=translate_http.tr.id.dYg8Kd2Ys0c.O/am=BECAAQ/d=1/ed=1/rs=AN8SPfrfpV1fVD671RMt7gltiU7OddeqCg/m=el_main:0:0)
    at Hk (https://translate.googleapis.com/_/translate_http/_/js/k=translate_http.tr.id.dYg8Kd2Ys0c.O/am=BECAAQ/d=1/ed=1/rs=AN8SPfrfpV1fVD671RMt7gltiU7OddeqCg/m=el_main:0:0)
    at Fk (https://translate.googleapis.com/_/translate_http/_/js/k=translate_http.tr.id.dYg8Kd2Ys0c.O/am=BECAAQ/d=1/ed=1/rs=AN8SPfrfpV1fVD671RMt7gltiU7OddeqCg/m=el_main:0:0)
    at Hk (https://translate.googleapis.com/_/translate_http/_/js/k=translate_http.tr.id.dYg8Kd2Ys0c.O/am=BECAAQ/d=1/ed=1/rs=AN8SPfrfpV1fVD671RMt7gltiU7OddeqCg/m=el_main:0:0)
    at Fk (https://translate.googleapis.com/_/translate_http/_/js/k=translate_http.tr.id.dYg8Kd2Ys0c.O/am=BECAAQ/d=1/ed=1/rs=AN8SPfrfpV1fVD671RMt7gltiU7OddeqCg/m=el_main:0:0)
    at Hk (https://translate.googleapis.com/_/translate_http/_/js/k=translate_http.tr.id.dYg8Kd2Ys0c.O/am=BECAAQ/d=1/ed=1/rs=AN8SPfrfpV1fVD671RMt7gltiU7OddeqCg/m=el_main:0:0)
    at Fk (https://translate.googleapis.com/_/translate_http/_/js/k=translate_http.tr.id.dYg8Kd2Ys0c.O/am=BECAAQ/d=1/ed=1/rs=AN8SPfrfpV1fVD671RMt7gltiU7OddeqCg/m=el_main:0:0)
    at Hk (https://translate.googleapis.com/_/translate_http/_/js/k=translate_http.tr.id.dYg8Kd2Ys0c.O/am=BECAAQ/d=1/ed=1/rs=AN8SPfrfpV1fVD671RMt7gltiU7OddeqCg/m=el_main:0:0)
    at Fk (https://translate.googleapis.com/_/translate_http/_/js/k=translate_http.tr.id.dYg8Kd2Ys0c.O/am=BECAAQ/d=1/ed=1/rs=AN8SPfrfpV1fVD671RMt7gltiU7OddeqCg/m=el_main:0:0)
    at Hk (https://translate.googleapis.com/_/translate_http/_/js/k=translate_http.tr.id.dYg8Kd2Ys0c.O/am=BECAAQ/d=1/ed=1/rs=AN8SPfrfpV1fVD671RMt7gltiU7OddeqCg/m=el_main:0:0)
    at Fk (https://translate.googleapis.com/_/translate_http/_/js/k=translate_http.tr.id.dYg8Kd2Ys0c.O/am=BECAAQ/d=1/ed=1/rs=AN8SPfrfpV1fVD671RMt7gltiU7OddeqCg/m=el_main:0:0)
    at Hk (https://translate.googleapis.com/_/translate_http/_/js/k=translate_http.tr.id.dYg8Kd2Ys0c.O/am=BECAAQ/d=1/ed=1/rs=AN8SPfrfpV1fVD671RMt7gltiU7OddeqCg/m=el_main:0:0)
    at Fk (https://translate.googleapis.com/_/translate_http/_/js/k=translate_http.tr.id.dYg8Kd2Ys0c.O/am=BECAAQ/d=1/ed=1/rs=AN8SPfrfpV1fVD671RMt7gltiU7OddeqCg/m=el_main:0:0)
    at Hk (https://translate.googleapis.com/_/translate_http/_/js/k=translate_http.tr.id.dYg8Kd2Ys0c.O/am=BECAAQ/d=1/ed=1/rs=AN8SPfrfpV1fVD671RMt7gltiU7OddeqCg/m=el_main:0:0)
    at Fk (https://translate.googleapis.com/_/translate_http/_/js/k=translate_http.tr.id.dYg8Kd2Ys0c.O/am=BECAAQ/d=1/ed=1/rs=AN8SPfrfpV1fVD671RMt7gltiU7OddeqCg/m=el_main:0:0)
    at Hk (https://translate.googleapis.com/_/translate_http/_/js/k=translate_http.tr.id.dYg8Kd2Ys0c.O/am=BECAAQ/d=1/ed=1/rs=AN8SPfrfpV1fVD671RMt7gltiU7OddeqCg/m=el_main:0:0)
    at Fk (https://translate.googleapis.com/_/translate_http/_/js/k=translate_http.tr.id.dYg8Kd2Ys0c.O/am=BECAAQ/d=1/ed=1/rs=AN8SPfrfpV1fVD671RMt7gltiU7OddeqCg/m=el_main:0:0)
    at Hk (https://translate.googleapis.com/_/translate_http/_/js/k=translate_http.tr.id.dYg8Kd2Ys0c.O/am=BECAAQ/d=1/ed=1/rs=AN8SPfrfpV1fVD671RMt7gltiU7OddeqCg/m=el_main:0:0)
    at Fk (https://translate.googleapis.com/_/translate_http/_/js/k=translate_http.tr.id.dYg8Kd2Ys0c.O/am=BECAAQ/d=1/ed=1/rs=AN8SPfrfpV1fVD671RMt7gltiU7OddeqCg/m=el_main:0:0)
    at Hk (https://translate.googleapis.com/_/translate_http/_/js/k=translate_http.tr.id.dYg8Kd2Ys0c.O/am=BECAAQ/d=1/ed=1/rs=AN8SPfrfpV1fVD671RMt7gltiU7OddeqCg/m=el_main:0:0)
    at Fk (https://translate.googleapis.com/_/translate_http/_/js/k=translate_http.tr.id.dYg8Kd2Ys0c.O/am=BECAAQ/d=1/ed=1/rs=AN8SPfrfpV1fVD671RMt7gltiU7OddeqCg/m=el_main:0:0)
    at Hk (https://translate.googleapis.com/_/translate_http/_/js/k=translate_http.tr.id.dYg8Kd2Ys0c.O/am=BECAAQ/d=1/ed=1/rs=AN8SPfrfpV1fVD671RMt7gltiU7OddeqCg/m=el_main:0:0)
    at Fk (https://translate.googleapis.com/_/translate_http/_/js/k=translate_http.tr.id.dYg8Kd2Ys0c.O/am=BECAAQ/d=1/ed=1/rs=AN8SPfrfpV1fVD671RMt7gltiU7OddeqCg/m=el_main:0:0)
    at Hk (https://translate.googleapis.com/_/translate_http/_/js/k=translate_http.tr.id.dYg8Kd2Ys0c.O/am=BECAAQ/d=1/ed=1/rs=AN8SPfrfpV1fVD671RMt7gltiU7OddeqCg/m=el_main:0:0)
    at Fk (https://translate.googleapis.com/_/translate_http/_/js/k=translate_http.tr.id.dYg8Kd2Ys0c.O/am=BECAAQ/d=1/ed=1/rs=AN8SPfrfpV1fVD671RMt7gltiU7OddeqCg/m=el_main:0:0)
    at Hk (https://translate.googleapis.com/_/translate_http/_/js/k=translate_http.tr.id.dYg8Kd2Ys0c.O/am=BECAAQ/d=1/ed=1/rs=AN8SPfrfpV1fVD671RMt7gltiU7OddeqCg/m=el_main:0:0)
    at Fk (https://translate.googleapis.com/_/translate_http/_/js/k=translate_http.tr.id.dYg8Kd2Ys0c.O/am=BECAAQ/d=1/ed=1/rs=AN8SPfrfpV1fVD671RMt7gltiU7OddeqCg/m=el_main:0:0)
    at Hk (https://translate.googleapis.com/_/translate_http/_/js/k=translate_http.tr.id.dYg8Kd2Ys0c.O/am=BECAAQ/d=1/ed=1/rs=AN8SPfrfpV1fVD671RMt7gltiU7OddeqCg/m=el_main:0:0)
    at Fk (https://translate.googleapis.com/_/translate_http/_/js/k=translate_http.tr.id.dYg8Kd2Ys0c.O/am=BECAAQ/d=1/ed=1/rs=AN8SPfrfpV1fVD671RMt7gltiU7OddeqCg/m=el_main:0:0)
    at Hk (https://translate.googleapis.com/_/translate_http/_/js/k=translate_http.tr.id.dYg8Kd2Ys0c.O/am=BECAAQ/d=1/ed=1/rs=AN8SPfrfpV1fVD671RMt7gltiU7OddeqCg/m=el_main:0:0)
    at Fk (https://translate.googleapis.com/_/translate_http/_/js/k=translate_http.tr.id.dYg8Kd2Ys0c.O/am=BECAAQ/d=1/ed=1/rs=AN8SPfrfpV1fVD671RMt7gltiU7OddeqCg/m=el_main:0:0)
    at Hk (https://translate.googleapis.com/_/translate_http/_/js/k=translate_http.tr.id.dYg8Kd2Ys0c.O/am=BECAAQ/d=1/ed=1/rs=AN8SPfrfpV1fVD671RMt7gltiU7OddeqCg/m=el_main:0:0)
    at Fk (https://translate.googleapis.com/_/translate_http/_/js/k=translate_http.tr.id.dYg8Kd2Ys0c.O/am=BECAAQ/d=1/ed=1/rs=AN8SPfrfpV1fVD671RMt7gltiU7OddeqCg/m=el_main:0:0)
    at Hk (https://translate.googleapis.com/_/translate_http/_/js/k=translate_http.tr.id.dYg8Kd2Ys0c.O/am=BECAAQ/d=1/ed=1/rs=AN8SPfrfpV1fVD671RMt7gltiU7OddeqCg/m=el_main:0:0)
    at Fk (https://translate.googleapis.com/_/translate_http/_/js/k=translate_http.tr.id.dYg8Kd2Ys0c.O/am=BECAAQ/d=1/ed=1/rs=AN8SPfrfpV1fVD671RMt7gltiU7OddeqCg/m=el_main:0:0)
    at Hk (https://translate.googleapis.com/_/translate_http/_/js/k=translate_http.tr.id.dYg8Kd2Ys0c.O/am=BECAAQ/d=1/ed=1/rs=AN8SPfrfpV1fVD671RMt7gltiU7OddeqCg/m=el_main:0:0)
    at Fk (https://translate.googleapis.com/_/translate_http/_/js/k=translate_http.tr.id.dYg8Kd2Ys0c.O/am=BECAAQ/d=1/ed=1/rs=AN8SPfrfpV1fVD671RMt7gltiU7OddeqCg/m=el_main:0:0)
    at Hk (https://translate.googleapis.com/_/translate_http/_/js/k=translate_http.tr.id.dYg8Kd2Ys0c.O/am=BECAAQ/d=1/ed=1/rs=AN8SPfrfpV1fVD671RMt7gltiU7OddeqCg/m=el_main:0:0)
    at Fk (https://translate.googleapis.com/_/translate_http/_/js/k=translate_http.tr.id.dYg8Kd2Ys0c.O/am=BECAAQ/d=1/ed=1/rs=AN8SPfrfpV1fVD671RMt7gltiU7OddeqCg/m=el_main:0:0)
    at Hk (https://translate.googleapis.com/_/translate_http/_/js/k=translate_http.tr.id.dYg8Kd2Ys0c.O/am=BECAAQ/d=1/ed=1/rs=AN8SPfrfpV1fVD671RMt7gltiU7OddeqCg/m=el_main:0:0)
    at Fk (https://translate.googleapis.com/_/translate_http/_/js/k=translate_http.tr.id.dYg8Kd2Ys0c.O/am=BECAAQ/d=1/ed=1/rs=AN8SPfrfpV1fVD671RMt7gltiU7OddeqCg/m=el_main:0:0)
    at Hk (https://translate.googleapis.com/_/translate_http/_/js/k=translate_http.tr.id.dYg8Kd2Ys0c.O/am=BECAAQ/d=1/ed=1/rs=AN8SPfrfpV1fVD671RMt7gltiU7OddeqCg/m=el_main:0:0)
    at Fk (https://translate.googleapis.com/_/translate_http/_/js/k=translate_http.tr.id.dYg8Kd2Ys0c.O/am=BECAAQ/d=1/ed=1/rs=AN8SPfrfpV1fVD671RMt7gltiU7OddeqCg/m=el_main:0:0)
    at Hk (https://translate.googleapis.com/_/translate_http/_/js/k=translate_http.tr.id.dYg8Kd2Ys0c.O/am=BECAAQ/d=1/ed=1/rs=AN8SPfrfpV1fVD671RMt7gltiU7OddeqCg/m=el_main:0:0)
    at Fk (https://translate.googleapis.com/_/translate_http/_/js/k=translate_http.tr.id.dYg8Kd2Ys0c.O/am=BECAAQ/d=1/ed=1/rs=AN8SPfrfpV1fVD671RMt7gltiU7OddeqCg/m=el_main:0:0)
    at Hk (https://translate.googleapis.com/_/translate_http/_/js/k=translate_http.tr.id.dYg8Kd2Ys0c.O/am=BECAAQ/d=1/ed=1/rs=AN8SPfrfpV1fVD671RMt7gltiU7OddeqCg/m=el_main:0:0)
    at Fk (https://translate.googleapis.com/_/translate_http/_/js/k=translate_http.tr.id.dYg8Kd2Ys0c.O/am=BECAAQ/d=1/ed=1/rs=AN8SPfrfpV1fVD671RMt7gltiU7OddeqCg/m=el_main:0:0)
    at Hk (https://translate.googleapis.com/_/translate_http/_/js/k=translate_http.tr.id.dYg8Kd2Ys0c.O/am=BECAAQ/d=1/ed=1/rs=AN8SPfrfpV1fVD671RMt7gltiU7OddeqCg/m=el_main:0:0)
    at Fk (https://translate.googleapis.com/_/translate_http/_/js/k=translate_http.tr.id.dYg8Kd2Ys0c.O/am=BECAAQ/d=1/ed=1/rs=AN8SPfrfpV1fVD671RMt7gltiU7OddeqCg/m=el_main:0:0)
    at Hk (https://translate.googleapis.com/_/translate_http/_/js/k=translate_http.tr.id.dYg8Kd2Ys0c.O/am=BECAAQ/d=1/ed=1/rs=AN8SPfrfpV1fVD671RMt7gltiU7OddeqCg/m=el_main:0:0)
    at Fk (https://translate.googleapis.com/_/translate_http/_/js/k=translate_http.tr.id.dYg8Kd2Ys0c.O/am=BECAAQ/d=1/ed=1/rs=AN8SPfrfpV1fVD671RMt7gltiU7OddeqCg/m=el_main:0:0)
    at Hk (https://translate.googleapis.com/_/translate_http/_/js/k=translate_http.tr.id.dYg8Kd2Ys0c.O/am=BECAAQ/d=1/ed=1/rs=AN8SPfrfpV1fVD671RMt7gltiU7OddeqCg/m=el_main:0:0)
    at Fk (https://translate.googleapis.com/_/translate_http/_/js/k=translate_http.tr.id.dYg8Kd2Ys0c.O/am=BECAAQ/d=1/ed=1/rs=AN8SPfrfpV1fVD671RMt7gltiU7OddeqCg/m=el_main:0:0)
    at Hk (https://translate.googleapis.com/_/translate_http/_/js/k=translate_http.tr.id.dYg8Kd2Ys0c.O/am=BECAAQ/d=1/ed=1/rs=AN8SPfrfpV1fVD671RMt7gltiU7OddeqCg/m=el_main:0:0)
    at Fk (https://translate.googleapis.com/_/translate_http/_/js/k=translate_http.tr.id.dYg8Kd2Ys0c.O/am=BECAAQ/d=1/ed=1/rs=AN8SPfrfpV1fVD671RMt7gltiU7OddeqCg/m=el_main:0:0)
    at Hk (https://translate.googleapis.com/_/translate_http/_/js/k=translate_http.tr.id.dYg8Kd2Ys0c.O/am=BECAAQ/d=1/ed=1/rs=AN8SPfrfpV1fVD671RMt7gltiU7OddeqCg/m=el_main:0:0)
    at Fk (https://translate.googleapis.com/_/translate_http/_/js/k=translate_http.tr.id.dYg8Kd2Ys0c.O/am=BECAAQ/d=1/ed=1/rs=AN8SPfrfpV1fVD671RMt7gltiU7OddeqCg/m=el_main:0:0)
    at Hk (https://translate.googleapis.com/_/translate_http/_/js/k=translate_http.tr.id.dYg8Kd2Ys0c.O/am=BECAAQ/d=1/ed=1/rs=AN8SPfrfpV1fVD671RMt7gltiU7OddeqCg/m=el_main:0:0)
    at Fk (https://translate.googleapis.com/_/translate_http/_/js/k=translate_http.tr.id.dYg8Kd2Ys0c.O/am=BECAAQ/d=1/ed=1/rs=AN8SPfrfpV1fVD671RMt7gltiU7OddeqCg/m=el_main:0:0)
    at Hk (https://translate.googleapis.com/_/translate_http/_/js/k=translate_http.tr.id.dYg8Kd2Ys0c.O/am=BECAAQ/d=1/ed=1/rs=AN8SPfrfpV1fVD671RMt7gltiU7OddeqCg/m=el_main:0:0)
    at Fk (https://translate.googleapis.com/_/translate_http/_/js/k=translate_http.tr.id.dYg8Kd2Ys0c.O/am=BECAAQ/d=1/ed=1/rs=AN8SPfrfpV1fVD671RMt7gltiU7OddeqCg/m=el_main:0:0)
    at Hk (https://translate.googleapis.com/_/translate_http/_/js/k=translate_http.tr.id.dYg8Kd2Ys0c.O/am=BECAAQ/d=1/ed=1/rs=AN8SPfrfpV1fVD671RMt7gltiU7OddeqCg/m=el_main:0:0)
    at Fk (https://translate.googleapis.com/_/translate_http/_/js/k=translate_http.tr.id.dYg8Kd2Ys0c.O/am=BECAAQ/d=1/ed=1/rs=AN8SPfrfpV1fVD671RMt7gltiU7OddeqCg/m=el_main:0:0)
    at Hk (https://translate.googleapis.com/_/translate_http/_/js/k=translate_http.tr.id.dYg8Kd2Ys0c.O/am=BECAAQ/d=1/ed=1/rs=AN8SPfrfpV1fVD671RMt7gltiU7OddeqCg/m=el_main:0:0)
    at Fk (https://translate.googleapis.com/_/translate_http/_/js/k=translate_http.tr.id.dYg8Kd2Ys0c.O/am=BECAAQ/d=1/ed=1/rs=AN8SPfrfpV1fVD671RMt7gltiU7OddeqCg/m=el_main:0:0)
    at Hk (https://translate.googleapis.com/_/translate_http/_/js/k=translate_http.tr.id.dYg8Kd2Ys0c.O/am=BECAAQ/d=1/ed=1/rs=AN8SPfrfpV1fVD671RMt7gltiU7OddeqCg/m=el_main:0:0)
    at Fk (https://translate.googleapis.com/_/translate_http/_/js/k=translate_http.tr.id.dYg8Kd2Ys0c.O/am=BECAAQ/d=1/ed=1/rs=AN8SPfrfpV1fVD671RMt7gltiU7OddeqCg/m=el_main:0:0)
    at Hk (https://translate.googleapis.com/_/translate_http/_/js/k=translate_http.tr.id.dYg8Kd2Ys0c.O/am=BECAAQ/d=1/ed=1/rs=AN8SPfrfpV1fVD671RMt7gltiU7OddeqCg/m=el_main:0:0)
    at Fk (https://translate.googleapis.com/_/translate_http/_/js/k=translate_http.tr.id.dYg8Kd2Ys0c.O/am=BECAAQ/d=1/ed=1/rs=AN8SPfrfpV1fVD671RMt7gltiU7OddeqCg/m=el_main:0:0)
    at Hk (https://translate.googleapis.com/_/translate_http/_/js/k=translate_http.tr.id.dYg8Kd2Ys0c.O/am=BECAAQ/d=1/ed=1/rs=AN8SPfrfpV1fVD671RMt7gltiU7OddeqCg/m=el_main:0:0)
    at Fk (https://translate.googleapis.com/_/translate_http/_/js/k=translate_http.tr.id.dYg8Kd2Ys0c.O/am=BECAAQ/d=1/ed=1/rs=AN8SPfrfpV1fVD671RMt7gltiU7OddeqCg/m=el_main:0:0)
    at Hk (https://translate.googleapis.com/_/translate_http/_/js/k=translate_http.tr.id.dYg8Kd2Ys0c.O/am=BECAAQ/d=1/ed=1/rs=AN8SPfrfpV1fVD671RMt7gltiU7OddeqCg/m=el_main:0:0)
    at Fk (https://translate.googleapis.com/_/translate_http/_/js/k=translate_http.tr.id.dYg8Kd2Ys0c.O/am=BECAAQ/d=1/ed=1/rs=AN8SPfrfpV1fVD671RMt7gltiU7OddeqCg/m=el_main:0:0)
    at Hk (https://translate.googleapis.com/_/translate_http/_/js/k=translate_http.tr.id.dYg8Kd2Ys0c.O/am=BECAAQ/d=1/ed=1/rs=AN8SPfrfpV1fVD671RMt7gltiU7OddeqCg/m=el_main:0:0)
    at Fk (https://translate.googleapis.com/_/translate_http/_/js/k=translate_http.tr.id.dYg8Kd2Ys0c.O/am=BECAAQ/d=1/ed=1/rs=AN8SPfrfpV1fVD671RMt7gltiU7OddeqCg/m=el_main:0:0)
    at Hk (https://translate.googleapis.com/_/translate_http/_/js/k=translate_http.tr.id.dYg8Kd2Ys0c.O/am=BECAAQ/d=1/ed=1/rs=AN8SPfrfpV1fVD671RMt7gltiU7OddeqCg/m=el_main:0:0)
    at Fk (https://translate.googleapis.com/_/translate_http/_/js/k=translate_http.tr.id.dYg8Kd2Ys0c.O/am=BECAAQ/d=1/ed=1/rs=AN8SPfrfpV1fVD671RMt7gltiU7OddeqCg/m=el_main:0:0)
    at Hk (https://translate.googleapis.com/_/translate_http/_/js/k=translate_http.tr.id.dYg8Kd2Ys0c.O/am=BECAAQ/d=1/ed=1/rs=AN8SPfrfpV1fVD671RMt7gltiU7OddeqCg/m=el_main:0:0)
    at Fk (https://translate.googleapis.com/_/translate_http/_/js/k=translate_http.tr.id.dYg8Kd2Ys0c.O/am=BECAAQ/d=1/ed=1/rs=AN8SPfrfpV1fVD671RMt7gltiU7OddeqCg/m=el_main:0:0)
    at Hk (https://translate.googleapis.com/_/translate_http/_/js/k=translate_http.tr.id.dYg8Kd2Ys0c.O/am=BECAAQ/d=1/ed=1/rs=AN8SPfrfpV1fVD671RMt7gltiU7OddeqCg/m=el_main:0:0)
    at Fk (https://translate.googleapis.com/_/translate_http/_/js/k=translate_http.tr.id.dYg8Kd2Ys0c.O/am=BECAAQ/d=1/ed=1/rs=AN8SPfrfpV1fVD671RMt7gltiU7OddeqCg/m=el_main:0:0)
    at Hk (https://translate.googleapis.com/_/translate_http/_/js/k=translate_http.tr.id.dYg8Kd2Ys0c.O/am=BECAAQ/d=1/ed=1/rs=AN8SPfrfpV1fVD671RMt7gltiU7OddeqCg/m=el_main:0:0)
    at Fk (https://translate.googleapis.com/_/translate_http/_/js/k=translate_http.tr.id.dYg8Kd2Ys0c.O/am=BECAAQ/d=1/ed=1/rs=AN8SPfrfpV1fVD671RMt7gltiU7OddeqCg/m=el_main:0:0)
    at Hk (https://translate.googleapis.com/_/translate_http/_/js/k=translate_http.tr.id.dYg8Kd2Ys0c.O/am=BECAAQ/d=1/ed=1/rs=AN8SPfrfpV1fVD671RMt7gltiU7OddeqCg/m=el_main:0:0)
    at Fk (https://translate.googleapis.com/_/translate_http/_/js/k=translate_http.tr.id.dYg8Kd2Ys0c.O/am=BECAAQ/d=1/ed=1/rs=AN8SPfrfpV1fVD671RMt7gltiU7OddeqCg/m=el_main:0:0)
    at Hk (https://translate.googleapis.com/_/translate_http/_/js/k=translate_http.tr.id.dYg8Kd2Ys0c.O/am=BECAAQ/d=1/ed=1/rs=AN8SPfrfpV1fVD671RMt7gltiU7OddeqCg/m=el_main:0:0)
    at Fk (https://translate.googleapis.com/_/translate_http/_/js/k=translate_http.tr.id.dYg8Kd2Ys0c.O/am=BECAAQ/d=1/ed=1/rs=AN8SPfrfpV1fVD671RMt7gltiU7OddeqCg/m=el_main:0:0)
    at Hk (https://translate.googleapis.com/_/translate_http/_/js/k=translate_http.tr.id.dYg8Kd2Ys0c.O/am=BECAAQ/d=1/ed=1/rs=AN8SPfrfpV1fVD671RMt7gltiU7OddeqCg/m=el_main:0:0)
    at Fk (https://translate.googleapis.com/_/translate_http/_/js/k=translate_http.tr.id.dYg8Kd2Ys0c.O/am=BECAAQ/d=1/ed=1/rs=AN8SPfrfpV1fVD671RMt7gltiU7OddeqCg/m=el_main:0:0)
    at Hk (https://translate.googleapis.com/_/translate_http/_/js/k=translate_http.tr.id.dYg8Kd2Ys0c.O/am=BECAAQ/d=1/ed=1/rs=AN8SPfrfpV1fVD671RMt7gltiU7OddeqCg/m=el_main:0:0)
    at Fk (https://translate.googleapis.com/_/translate_http/_/js/k=translate_http.tr.id.dYg8Kd2Ys0c.O/am=BECAAQ/d=1/ed=1/rs=AN8SPfrfpV1fVD671RMt7gltiU7OddeqCg/m=el_main:0:0)
    at Hk (https://translate.googleapis.com/_/translate_http/_/js/k=translate_http.tr.id.dYg8Kd2Ys0c.O/am=BECAAQ/d=1/ed=1/rs=AN8SPfrfpV1fVD671RMt7gltiU7OddeqCg/m=el_main:0:0)
    at Fk (https://translate.googleapis.com/_/translate_http/_/js/k=translate_http.tr.id.dYg8Kd2Ys0c.O/am=BECAAQ/d=1/ed=1/rs=AN8SPfrfpV1fVD671RMt7gltiU7OddeqCg/m=el_main:0:0)
    at Hk (https://translate.googleapis.com/_/translate_http/_/js/k=translate_http.tr.id.dYg8Kd2Ys0c.O/am=BECAAQ/d=1/ed=1/rs=AN8SPfrfpV1fVD671RMt7gltiU7OddeqCg/m=el_main:0:0)
    at Fk (https://translate.googleapis.com/_/translate_http/_/js/k=translate_http.tr.id.dYg8Kd2Ys0c.O/am=BECAAQ/d=1/ed=1/rs=AN8SPfrfpV1fVD671RMt7gltiU7OddeqCg/m=el_main:0:0)
    at Hk (https://translate.googleapis.com/_/translate_http/_/js/k=translate_http.tr.id.dYg8Kd2Ys0c.O/am=BECAAQ/d=1/ed=1/rs=AN8SPfrfpV1fVD671RMt7gltiU7OddeqCg/m=el_main:0:0)
    at Fk (https://translate.googleapis.com/_/translate_http/_/js/k=translate_http.tr.id.dYg8Kd2Ys0c.O/am=BECAAQ/d=1/ed=1/rs=AN8SPfrfpV1fVD671RMt7gltiU7OddeqCg/m=el_main:0:0)
    at Hk (https://translate.googleapis.com/_/translate_http/_/js/k=translate_http.tr.id.dYg8Kd2Ys0c.O/am=BECAAQ/d=1/ed=1/rs=AN8SPfrfpV1fVD671RMt7gltiU7OddeqCg/m=el_main:0:0)
    at Fk (https://translate.googleapis.com/_/translate_http/_/js/k=translate_http.tr.id.dYg8Kd2Ys0c.O/am=BECAAQ/d=1/ed=1/rs=AN8SPfrfpV1fVD671RMt7gltiU7OddeqCg/m=el_main:0:0)
    at Hk (https://translate.googleapis.com/_/translate_http/_/js/k=translate_http.tr.id.dYg8Kd2Ys0c.O/am=BECAAQ/d=1/ed=1/rs=AN8SPfrfpV1fVD671RMt7gltiU7OddeqCg/m=el_main:0:0)
    at Fk (https://translate.googleapis.com/_/translate_http/_/js/k=translate_http.tr.id.dYg8Kd2Ys0c.O/am=BECAAQ/d=1/ed=1/rs=AN8SPfrfpV1fVD671RMt7gltiU7OddeqCg/m=el_main:0:0)
    at Hk (https://translate.googleapis.com/_/translate_http/_/js/k=translate_http.tr.id.dYg8Kd2Ys0c.O/am=BECAAQ/d=1/ed=1/rs=AN8SPfrfpV1fVD671RMt7gltiU7OddeqCg/m=el_main:0:0)
    at Fk (https://translate.googleapis.com/_/translate_http/_/js/k=translate_http.tr.id.dYg8Kd2Ys0c.O/am=BECAAQ/d=1/ed=1/rs=AN8SPfrfpV1fVD671RMt7gltiU7OddeqCg/m=el_main:0:0)
    at Hk (https://translate.googleapis.com/_/translate_http/_/js/k=translate_http.tr.id.dYg8Kd2Ys0c.O/am=BECAAQ/d=1/ed=1/rs=AN8SPfrfpV1fVD671RMt7gltiU7OddeqCg/m=el_main:0:0)
    at Fk (https://translate.googleapis.com/_/translate_http/_/js/k=translate_http.tr.id.dYg8Kd2Ys0c.O/am=BECAAQ/d=1/ed=1/rs=AN8SPfrfpV1fVD671RMt7gltiU7OddeqCg/m=el_main:0:0)
    at Hk (https://translate.googleapis.com/_/translate_http/_/js/k=translate_http.tr.id.dYg8Kd2Ys0c.O/am=BECAAQ/d=1/ed=1/rs=AN8SPfrfpV1fVD671RMt7gltiU7OddeqCg/m=el_main:0:0)
    at Fk (https://translate.googleapis.com/_/translate_http/_/js/k=translate_http.tr.id.dYg8Kd2Ys0c.O/am=BECAAQ/d=1/ed=1/rs=AN8SPfrfpV1fVD671RMt7gltiU7OddeqCg/m=el_main:0:0)
    at Hk (https://translate.googleapis.com/_/translate_http/_/js/k=translate_http.tr.id.dYg8Kd2Ys0c.O/am=BECAAQ/d=1/ed=1/rs=AN8SPfrfpV1fVD671RMt7gltiU7OddeqCg/m=el_main:0:0)
    at Fk (https://translate.googleapis.com/_/translate_http/_/js/k=translate_http.tr.id.dYg8Kd2Ys0c.O/am=BECAAQ/d=1/ed=1/rs=AN8SPfrfpV1fVD671RMt7gltiU7OddeqCg/m=el_main:0:0)
    at Hk (https://translate.googleapis.com/_/translate_http/_/js/k=translate_http.tr.id.dYg8Kd2Ys0c.O/am=BECAAQ/d=1/ed=1/rs=AN8SPfrfpV1fVD671RMt7gltiU7OddeqCg/m=el_main:0:0)
    at Fk (https://translate.googleapis.com/_/translate_http/_/js/k=translate_http.tr.id.dYg8Kd2Ys0c.O/am=BECAAQ/d=1/ed=1/rs=AN8SPfrfpV1fVD671RMt7gltiU7OddeqCg/m=el_main:0:0)
    at Hk (https://translate.googleapis.com/_/translate_http/_/js/k=translate_http.tr.id.dYg8Kd2Ys0c.O/am=BECAAQ/d=1/ed=1/rs=AN8SPfrfpV1fVD671RMt7gltiU7OddeqCg/m=el_main:0:0)
    at Fk (https://translate.googleapis.com/_/translate_http/_/js/k=translate_http.tr.id.dYg8Kd2Ys0c.O/am=BECAAQ/d=1/ed=1/rs=AN8SPfrfpV1fVD671RMt7gltiU7OddeqCg/m=el_main:0:0)
    at Hk (https://translate.googleapis.com/_/translate_http/_/js/k=translate_http.tr.id.dYg8Kd2Ys0c.O/am=BECAAQ/d=1/ed=1/rs=AN8SPfrfpV1fVD671RMt7gltiU7OddeqCg/m=el_main:0:0)
    at Fk (https://translate.googleapis.com/_/translate_http/_/js/k=translate_http.tr.id.dYg8Kd2Ys0c.O/am=BECAAQ/d=1/ed=1/rs=AN8SPfrfpV1fVD671RMt7gltiU7OddeqCg/m=el_main:0:0)
[  600831ms] Uncaught TypeError: Cannot read properties of null (reading '__closure_events_fn_452893005')
    at Od (https://translate.googleapis.com/_/translate_http/_/js/k=translate_http.tr.id.dYg8Kd2Ys0c.O/am=BECAAQ/d=1/ed=1/rs=AN8SPfrfpV1fVD671RMt7gltiU7OddeqCg/m=el_main:97:154)
    at _.Ud (https://translate.googleapis.com/_/translate_http/_/js/k=translate_http.tr.id.dYg8Kd2Ys0c.O/am=BECAAQ/d=1/ed=1/rs=AN8SPfrfpV1fVD671RMt7gltiU7OddeqCg/m=el_main:95:303)
    at _.m.removeEventListener (https://translate.googleapis.com/_/translate_http/_/js/k=translate_http.tr.id.dYg8Kd2Ys0c.O/am=BECAAQ/d=1/ed=1/rs=AN8SPfrfpV1fVD671RMt7gltiU7OddeqCg/m=el_main:97:406)
    at _.Vd (https://translate.googleapis.com/_/translate_http/_/js/k=translate_http.tr.id.dYg8Kd2Ys0c.O/am=BECAAQ/d=1/ed=1/rs=AN8SPfrfpV1fVD671RMt7gltiU7OddeqCg/m=el_main:96:135)
    at <anonymous> (https://translate.googleapis.com/_/translate_http/_/js/k=translate_http.tr.id.dYg8Kd2Ys0c.O/am=BECAAQ/d=1/ed=1/rs=AN8SPfrfpV1fVD671RMt7gltiU7OddeqCg/m=el_main:142:68)
    at _.zc (https://translate.googleapis.com/_/translate_http/_/js/k=translate_http.tr.id.dYg8Kd2Ys0c.O/am=BECAAQ/d=1/ed=1/rs=AN8SPfrfpV1fVD671RMt7gltiU7OddeqCg/m=el_main:77:1022)
    at _.Sf (https://translate.googleapis.com/_/translate_http/_/js/k=translate_http.tr.id.dYg8Kd2Ys0c.O/am=BECAAQ/d=1/ed=1/rs=AN8SPfrfpV1fVD671RMt7gltiU7OddeqCg/m=el_main:142:19)
    at _.Hb.N (https://translate.googleapis.com/_/translate_http/_/js/k=translate_http.tr.id.dYg8Kd2Ys0c.O/am=BECAAQ/d=1/ed=1/rs=AN8SPfrfpV1fVD671RMt7gltiU7OddeqCg/m=el_main:142:137)
    at _.t.dispose (https://translate.googleapis.com/_/translate_http/_/js/k=translate_http.tr.id.dYg8Kd2Ys0c.O/am=BECAAQ/d=1/ed=1/rs=AN8SPfrfpV1fVD671RMt7gltiU7OddeqCg/m=el_main:76:631)
    at _.m.N (https://translate.googleapis.com/_/translate_http/_/js/k=translate_http.tr.id.dYg8Kd2Ys0c.O/am=BECAAQ/d=1/ed=1/rs=AN8SPfrfpV1fVD671RMt7gltiU7OddeqCg/m=el_main:551:174)
    at _.t.dispose (https://translate.googleapis.com/_/translate_http/_/js/k=translate_http.tr.id.dYg8Kd2Ys0c.O/am=BECAAQ/d=1/ed=1/rs=AN8SPfrfpV1fVD671RMt7gltiU7OddeqCg/m=el_main:76:631)
    at Td (https://translate.googleapis.com/_/translate_http/_/js/k=translate_http.tr.id.dYg8Kd2Ys0c.O/am=BECAAQ/d=1/ed=1/rs=AN8SPfrfpV1fVD671RMt7gltiU7OddeqCg/m=el_main:96:484)
    at b (https://translate.googleapis.com/_/translate_http/_/js/k=translate_http.tr.id.dYg8Kd2Ys0c.O/am=BECAAQ/d=1/ed=1/rs=AN8SPfrfpV1fVD671RMt7gltiU7OddeqCg/m=el_main:94:470)
